cpu_usage,memory_usage,network_load
1.1379978740741166,22.84854324229841,10592.9
1.0135135135108015,22.83585375897104,12041.3
1.133304113704483,22.84538341048172,10400.7
1.0692846423161768,22.828029413520166,10830.0
1.3254970613950974,22.8898718362184,11457.8
1.1200100112677234,22.92202187105178,9498.9
1.219283436510807,22.907075364998192,10885.9
0.9639459188653206,22.84147123775628,10900.9
1.05704278208799,22.880041248344224,11256.3
0.981863664794716,22.883502016524417,9766.1
1.4577989113354022,22.966861389212536,10046.2
1.0386035162382683,22.982259299811364,10693.7
0.9699624530771588,23.03612690887697,10910.9
1.095187433506425,22.973933393754667,10028.6
1.2509382036527086,22.980353369509228,12516.0
1.0577043434737448,22.950610825583805,9852.7
1.2084402980358817,22.97257918011894,10323.0
1.0131965726408794,22.921921558930613,11375.3
0.9816181067942154,22.94434131801099,10518.9
0.8382858930226433,22.945394595283226,10875.7
0.863093376699311,22.914347993782656,10568.4
1.056844475018636,22.91740751347819,9769.7
1.3642906314495915,23.014910895250573,9706.2
1.2324053800444688,22.922573587718187,11446.9
1.1002062886849444,22.94128179831545,10314.4
1.1070110701040503,22.93039793316905,10577.2
1.0262186346193545,22.917357357417604,11608.2
0.6819745980263434,22.937269313468857,10568.5
1.6708385481751549,22.97924993617641,10353.3
1.1752938234586168,23.03236520433328,10754.1
1.0494752623645385,23.011299658888632,10507.3
1.2572715331265272,22.93195277104711,11281.7
1.0262186346191695,22.90858004681567,10839.1
1.0767497182930157,22.91745766953877,12609.6
1.233099649474866,22.951814571037783,11188.1
1.162936101047336,22.90722583317994,11283.8
1.0253845191852236,22.92162062256712,10894.5
0.9685683934371524,22.91560189529722,10732.1
0.744634253176983,22.927338413473525,10243.8
1.4701282452155482,22.977544630116608,10431.5
1.6224004008999913,22.98481725890107,11004.3
1.2386612449236196,23.090696702790733,11905.1
1.51600576333567,23.178369496688948,10719.7
1.1822844989272028,23.211171560309904,10392.5
0.8690215692490568,23.232387573936304,11005.1
1.1953936662931284,23.271358833008907,10649.2
0.9638855855163228,23.70766640401609,10682.9
0.9322405055494158,23.650438338891465,9743.7
0.9581663326644758,23.62631327375128,10447.5
1.414533391756308,23.64386789495516,10901.9
0.9071571571644624,23.60048290255129,10380.1
1.1948701907880237,23.58192516013576,9373.2
0.982847126584943,23.623655002540403,11077.2
1.0819938707928145,23.57480299953305,10507.6
1.0584330181011978,23.59817572376449,9456.2
1.3017084923884283,23.54887231621189,10093.2
1.144393721478281,23.52695411773734,10190.1
1.5386547760992355,23.346843704185574,11210.0
1.4472777394886691,23.29723936026948,10475.5
1.3017084924061637,23.314192108746365,9738.5
1.4146219328871297,23.35476836175761,9907.8
1.6709431128256114,23.312185866323063,10537.4
1.370634622607554,23.306217295113747,10438.6
1.6587381071570064,23.374329225384784,10533.1
1.6025039123616125,23.35085618903217,10159.0
1.496649758916604,23.390579789013515,10806.4
1.402805611216678,23.42242888748341,10145.5
1.4270513863672676,23.74859374945142,9934.3
1.4136485894668738,23.54521092378937,10625.1
1.5135405591422852,23.51396369804647,11124.1
1.4587115757762916,23.470979954127262,11536.7
1.6136093564425948,23.52294163289074,10115.9
1.6383191595767528,23.5213366389521,10430.1
1.5521341845102654,23.516270876833268,10140.2
1.565631262524832,23.496459232903177,10529.1
1.6661446915149298,23.522440072284915,10803.2
1.7284569138332415,23.48507380715095,10100.7
1.659465213848165,23.568383023778487,10373.3
1.79130652637798,23.51406401016764,10501.3
1.64047335797639,23.553185737421988,9643.5
1.6356457980735255,23.51526775562162,10493.9
1.640062597824084,23.530515198038696,10598.2
1.3340013778268656,23.512358704107832,10243.1
1.5203653882386732,23.531668787432096,10990.0
1.6344166823135282,23.592708713161,10214.9
1.5280561122259684,23.55759947075325,10534.6
1.6078578578440528,23.51010168138162,10324.5
1.5641619220422882,23.56416991468956,9861.2
1.3689211151407648,23.578414235894986,10514.2
1.575984990630559,23.535430491975784,10009.1
1.5841212197100845,23.55925462075248,10481.8
1.4654308617213303,23.532822376825493,9909.9
1.7775552356491744,23.56121070711519,10384.0
1.7588883324971931,23.581774691954013,9999.9
1.7093481936072408,23.56793161923325,10416.1
1.7391304347821404,23.634237931323312,10565.5
1.6968254962068698,23.544759519244128,10046.0
1.3648031052358789,23.559756181358296,10297.9
1.099862517191042,23.54501029954704,10241.3
1.3387550828988992,23.527305210161416,10789.2
1.5522313325289758,23.619642517693805,10240.8
1.3967180258113672,23.551079182877523,10592.9
1.5039478631372134,23.541900623790927,11207.0
1.3021974582026274,23.53357471773423,10369.5
0.9819250734924908,23.47985757685037,10688.6
1.2200462992000496,23.519380552589386,10056.1
1.440470971371326,23.627717643447586,10422.4
1.1138923654559676,23.56301632529616,10709.9
1.4371783607431894,23.15494661639692,10818.9
1.4058871524451604,23.157705199728955,11633.9
1.0765475370851618,23.194519748196512,11471.5
1.2571928946767912,23.172752017903708,11082.0
1.4831038798470075,23.19788020425554,9838.3
1.0326052944452755,23.149880854278088,11550.3
1.3203178774889892,23.117831131565868,10589.6
1.183469004373876,23.08462781946025,10359.0
0.9699017583487972,23.06020181795657,10119.4
1.4442916093520353,23.04570671644823,9885.7
1.5645534764380358,23.12364923459344,10492.9
1.1703592439575343,23.04831483159852,10444.6
1.4644220539435366,23.00989528919232,9997.5
1.445466491457168,23.0211302467628,10570.3
1.213485957341831,22.989782708898737,11814.8
1.7525192464095485,23.00212109980204,10491.1
1.414533391756308,22.991488014958545,9989.9
1.3080485667771455,22.972679492240104,10081.4
1.282532532525508,22.96405264981992,11019.2
0.9134134134263832,22.983563357386508,10401.2
1.1077731881271404,22.97679228920787,11190.3
1.5875000000050932,23.0274499103962,10003.4
1.0139575639954046,23.014810583129407,10272.3
1.4018399148823877,22.973431833148844,10709.3
1.2888694237613976,22.936717596802453,10670.3
0.9073274513556128,23.02489195130649,10524.1
1.4588029050761406,23.03271629675736,11763.2
1.5020653398386514,23.05894791644201,11140.3
1.194496560352448,22.978648063449423,10230.0
1.276915373064611,22.98321226496243,10094.7
1.207986480561516,22.943237884678176,10712.4
0.945522855359556,23.00071673010572,10129.7
1.214169483040649,22.973080740724765,10100.8
1.7363505296743824,23.013556681614844,11184.2
1.1516555047860209,22.99580143616864,10453.7
1.4703122067231362,22.935212914984977,10177.0
1.1958427247705288,22.954372530127493,10454.9
1.146257438137965,22.967463261939525,10919.7
1.1702127659726216,22.99063536192864,11567.7
1.6474567777347744,23.00954419676825,10911.1
1.1197998123291055,23.00758811040553,10777.7
1.376893228196053,23.00939372858649,10464.8
1.2700200200193166,22.97759478617719,10571.0
1.332249186893037,23.005732336163973,10772.5
1.1956181533668229,23.01516167555349,10841.7
1.5510663581097075,22.96721248163661,10295.6
1.2070043777317636,22.992741916473108,10766.3
1.5327827827898233,22.96956981648399,10216.7
1.301627033784328,22.945043502859143,10395.5
0.9881793733292596,22.9953500316234,11188.8
1.3582024159628503,22.979952121024567,9695.9
1.40192765053186,23.016616201310377,9501.5
1.1944218622997056,22.98717459374845,10183.2
1.3324992180197484,22.99966345283349,11052.1
1.3767209011155757,22.992140043746115,9794.7
0.951188986226299,22.99605221647155,10259.7
1.1141015209537102,22.989080524050586,10178.5
1.5402917788441357,22.98857896344476,9789.4
1.4002625492221483,22.972629336179523,10414.8
1.246398597012799,22.959538604367488,9811.4
1.1707988980869288,22.96540686345564,10669.5
1.1120134940955635,22.98607116041564,10102.8
1.376376376365485,22.99053504980748,9522.6
1.627237451499468,22.97538791951156,11309.0
1.6033068203156091,23.04991982553716,10185.7
1.8107769423642424,23.235296625450086,9784.3
1.6709431128256114,23.417964998091563,11197.1
1.3577774996951035,23.39223493901273,11181.3
1.5400989169171029,23.482014287455417,10235.9
1.082535510925794,23.43551961929544,11035.9
1.2582159624471387,23.41811546627331,10407.8
1.444833625217413,23.40547613900652,10422.3
1.220198986285311,23.423983725361463,10161.4
1.609368150796513,23.43431587384146,10436.7
1.5096467050887696,23.379194363261288,9770.1
1.0699536979050066,23.41169549051875,10204.5
1.1461856445047405,23.37302516780964,10395.8
1.396630550498898,23.25696404362173,10269.1
1.2070043777317636,23.17280217396429,10426.1
1.315130260524512,23.18323463456545,10366.4
1.4766612439087936,23.261076840589496,10424.3
1.1882426516536952,23.243020658779795,11738.1
1.3011384961762644,23.179322461840016,10404.6
1.321144574550658,23.21578591788349,10541.6
1.2148537791986342,23.213930143641942,9839.25
1.3459371478617186,23.25024313150368,10324.7
1.1571178383823906,23.204801740615927,10670.1
1.2076841248939587,23.204751584555343,11285.1
1.313886967999494,23.02203305585329,9690.7
1.1376422052799455,23.022384148277364,10445.8
1.4519056261206489,22.964102805880497,10806.2
1.6149223835854656,23.003324845256014,10273.4
1.22027534416938,23.031562707363964,11122.0
1.1196597235302903,23.04184469978337,9973.4
1.2205808713141693,22.99043473768631,10941.8
1.1635180783098915,22.99053504980748,9677.2
1.0517748700890337,23.03311754524202,10113.7
1.584418837692624,23.08402594673326,10465.5
1.3504220068612796,22.93250448771352,10102.5
1.1266195155644,23.02022743767232,9977.7
1.4972123034424811,22.987475530111944,10952.4
1.0822646230904525,23.01150028313096,10894.4
1.2143974960890915,22.999161892227665,9689.9
1.677621283251014,22.997607054349608,10145.6
1.3774967127990436,22.97919978011583,11062.5
1.4460093896699109,22.977644942237774,9975.0
1.608360973782368,22.99208988768553,11067.4
1.1384961841473995,22.92929449983624,9796.6
1.0569105691071885,22.9684162270906,10869.8
1.7022341823649896,23.037581434633864,10088.1
1.3898453640527322,22.999914233136405,10431.2
1.3969805174528602,22.970873874059134,10492.7
1.6339050957722918,22.92864247104867,11207.5
1.2318659329671109,22.9477519301306,10453.4
1.0763454317905428,22.983262421023014,10198.1
1.7402190923310457,23.00277312858961,10237.6
1.1883169679117032,23.0122526240397,10395.5
1.0200888666403216,23.001368758893296,10477.6
1.5265265265280163,22.95597752406613,11033.7
1.039448966814888,22.96395233769875,10245.1
1.063563563570867,22.978698219510004,10187.0
1.5412568134779008,23.019926501308824,10964.1
1.2010509195625048,23.069129596740257,10546.6
1.27603677987058,22.99404597404825,10271.5
1.9464263362217764,22.971525902846707,9799.1
1.206099237591019,22.97032215739273,9935.5
1.1632270168948509,22.991939419503787,11348.5
1.5662197719404958,22.99956314071233,9729.9
1.2261495151833088,22.988077402838933,11115.2
1.0706235912798403,22.957783142247106,9979.0
1.5336463223857209,22.92111906196129,10585.7
1.2636847044040138,22.96219687557836,10208.0
1.026604068866149,22.968867631635835,10161.5
1.7842609403224543,23.04269735281328,10372.2
1.281570392609126,23.00442827858883,9847.7
0.9886740504268944,22.97734400587428,10301.8
1.5660235529940962,22.979500716479325,9675.2
1.2385837607973542,22.98627178465796,9534.8
1.0075093867247489,22.98762599829369,10967.5
1.8651811979784296,23.06301055734919,10933.3
1.4087152516904524,22.988378339202427,9805.1
1.0195784074589938,23.006384364951547,10674.1
1.3714929859732052,22.931752146804783,10679.0
1.2128790246968038,22.967864510424185,10770.3
1.1647567161287498,22.92307514832401,11336.8
1.7097764138599985,22.99740643010728,9635.9
1.3397608464190256,23.00899248010184,10731.9
1.0203442879528382,22.97834712708593,10709.9
1.7465882058393731,22.97052278163505,9747.9
1.120360518250152,22.95362018921876,10307.0
1.0882481706115783,22.966610608909622,10699.9
1.744513224540583,23.00899248010184,10832.7
1.194496560334457,23.010296537676982,10003.3
0.9516058348577304,22.965507175576807,10492.1
1.4587115757762916,23.01646573312863,11081.1
1.225536172088212,22.97398354981525,9814.3
1.2151581584551536,23.00608342858805,9715.1
1.7908578584940074,22.96049156951856,10084.9
1.2205044751722198,23.002271567983783,10047.1
1.2076841249119497,22.968817475575253,10431.5
1.546165884194778,22.949808328614484,11055.3
1.3020344287872092,22.96736294981836,9823.8
2.040816326518339,22.995901748289803,10841.65
1.645189540850993,22.947551305888272,10956.1
1.0510510510468976,22.95602768012672,10417.4
1.4631401238197128,23.00668530131504,9689.4
1.2314809026519953,22.97092403011972,9919.2
1.0073833062289168,22.961996251336032,9917.6
1.7017017017024614,23.017167917976785,10019.2
1.3259115641975967,22.95397128164284,10988.5
0.970144582848647,23.003575625558927,10345.1
1.144322161072651,22.932604799834685,10044.0
1.0448601639320714,22.922623743778768,9840.5
1.545005316820692,22.9804536816304,10409.4
1.2692259597341575,23.00202078768087,10130.2
1.0450563203903729,22.93451073013682,10456.4
1.4573430072655924,22.94353882104167,9616.4
1.1261261261188622,22.976691977086706,10044.0
0.9449311639608452,22.986673033142623,10631.0
1.6162375493247652,22.971224966483213,10680.4
1.2566427008497385,22.992541292230776,10615.9
1.0267326112721804,23.0182713513096,10582.4
1.7641538942801844,22.9609429740638,11004.6
1.1262670504426069,23.012403092221447,10115.1
0.982908658347256,22.9580840786106,10268.4
1.6779363886758034,22.98251008011428,11262.2
1.307066916838835,22.935413539227305,10228.8
0.9198998748443472,22.959538604367488,10753.5
1.815450106419405,22.966861389212536,9668.4
1.231480902669972,22.99459769071466,10773.2
0.9011828024296022,22.986572721021457,9659.7
1.8644810110627643,22.9603912573974,10410.0
1.3317494060301556,22.973481989209425,10514.7
1.0201527099791434,22.972278243755444,10447.8
1.595744680843893,22.926134668019543,10166.6
1.2956124428908709,22.94353882104167,10807.3
1.2577435704958049,22.992290511927862,9646.0
1.683775663496604,22.976842445268453,11297.1
1.2956124428908709,22.941031018012545,10529.0
0.9891072993535062,22.952416443764776,10042.6
1.4706802678553856,22.951012074068466,10836.1
1.1323823823807402,23.008892167980672,10740.7
1.169627220412579,23.015813704341056,10130.0
1.859154929578196,23.03788237099736,10770.0
1.4577989113354022,22.99901142404592,11227.5
0.9884884884985324,22.98677334526379,10308.7
1.1007567702855,22.914899710449063,10164.1
1.1326658322887797,22.99805845889485,10041.8
1.6789875955350766,23.040791422511145,10913.8
1.150935134794878,22.913796277116248,11303.7
1.057836755134289,22.9749866710269,10612.0
1.683459540648471,22.878536566526748,10211.9
1.2010509195625048,22.936266192257207,11067.8
1.0885885885827804,22.956278460429623,10320.7
1.275956967730849,22.9311502740778,10462.7
1.001627644926515,22.9976572104102,10714.6
1.363863863859521,23.00503015131581,10741.1
1.289030723983288,22.93787118619585,10992.6
1.001001001004667,22.917557981659936,10401.9
1.6522718738349624,22.981908207387285,9601.1
0.9452269170637352,22.96440374224399,10443.6
1.1702860003725135,22.988879899808254,11279.3
1.3571830633459854,22.949858484675065,9984.8
1.051051051064718,22.942284919527108,10654.8
1.3153773880220283,23.04811420735619,10206.9
1.5577103534684085,22.94328804073876,10092.4
1.1511511511489942,22.966660764970204,10633.1
1.4334898278611234,22.92789013013993,10329.5
1.0070052539316947,22.935413539227305,9925.0
1.494590707281546,23.010146069495235,10812.1
1.4895481286619088,22.93937586801332,10362.1
1.2575861853275967,22.96640998466729,10354.9
1.1327367169396751,22.97423433011816,9768.2
1.4021909233298118,22.96014047709448,10121.4
0.9948692278791356,22.975488231632724,10687.1
1.4648804306977894,23.0154124558564,9869.5
1.5377883353077664,23.00648467707272,10769.1
1.1320282694338886,22.924178581656825,10094.0
1.402103154726447,22.932153395289443,10199.4
1.488337189671796,22.91083706954188,10611.8
1.070422535224381,23.00402703010417,10374.9
1.476384110094429,23.010697786161643,9795.0
1.6320660330258363,22.98406491799233,10250.5
1.0139575639954046,22.938673683165167,10442.4
1.4065137213227388,22.96826575890885,11042.4
1.3573528491800602,22.92493092256556,10823.1
0.9572670962889872,22.95908719982225,11425.4
1.4271407110660448,23.00177000737796,10553.1
1.7078511104221974,22.888718246825,10647.9
0.9956167814631698,22.91625392408479,10667.2
1.351351351353571,22.942836636193515,10966.9
1.5076634344719508,22.943990225586912,10566.2
0.9705090476416274,22.93606556801488,9918.9
1.2024048096270974,22.97032215739273,11070.6
1.495151704713933,22.950610825583805,10492.0
1.01951463597986,22.969870752847484,10811.9
1.251094707869271,22.98160727102379,9862.1
1.5123109611379562,22.94278648013293,10553.1
1.3009757317907995,22.97458542254224,9992.1
1.633598297562017,22.99941267253058,10812.8
1.3832384052024764,22.9500591089174,9688.1
0.9510699536914872,22.951162542250213,10660.6
1.2143974960890915,22.96074234982147,11511.4
1.4257128564273671,22.96816544678768,10313.5
1.0824000500596327,22.983563357386508,10243.8
1.2953692115188602,23.05102325886997,9787.0
1.7078511104046044,22.97423433011816,11313.0
1.0259618392327925,22.981105710417964,10734.8
1.2571142660638657,22.926535916504204,10870.6
1.3576925483225182,22.935162758924392,9753.1
1.0762780802210017,22.93787118619585,10561.6
1.5845180685154645,22.98983286495932,10626.8
1.5575154813227954,22.95703080133837,10879.0
0.9953674721401028,22.97368261345176,10565.4
1.5387502345784585,22.93987742861915,10660.4
1.3833249874762856,22.99203973162496,10754.1
1.1190997186671012,22.959037043761665,9889.5
1.2902417637464794,23.015613080098728,10586.0
1.5824368276199436,22.98155711496321,10009.8
1.2195121951112924,23.00563202404281,11459.3
1.3649740154165926,22.993143164957765,9689.7
1.4451951951937758,22.92773966195818,10220.2
1.2384288216045292,22.960642037700303,10547.9
1.6385240775635168,23.052578096748032,9425.0
1.7521902377900886,22.95397128164284,9645.8
1.0386685020669688,22.9661090483038,9674.2
1.2522697389018165,22.99319332101835,10037.3
1.4935633045775631,22.93190261498653,10004.6
0.9384384384384532,22.97368261345176,10556.5
1.2958557656235854,23.02308633312552,10134.2
1.5827338129488595,23.010697786161643,11316.0
1.4465526958467336,22.99123723465563,9492.0
1.287982993621128,23.006033272527468,10328.1
1.4938433652188792,22.90622271196829,12205.8
1.019769769772708,22.94955754831157,10498.2
1.3771517996763265,23.02504241948824,9812.5
1.425980361497679,22.99509925132048,10094.8
1.100412654751338,22.95397128164284,10668.9
1.264238327694045,22.99364472556359,10474.5
1.5079464397468314,22.923325928626923,11205.3
1.2069288975006742,22.908880983179163,9949.9
1.3391739674679144,22.987475530111944,10183.4
1.3950578667565878,22.907125521058774,10525.3
0.9262736262244288,22.90451740590849,10198.3
1.369434717360022,22.919112819538,10473.3
0.9446946946825108,22.941031018012545,9910.0
1.5526200463346385,22.997757522531355,10730.9
1.519034819024185,22.973281364967097,9570.3
1.2510947078694985,22.96691154527312,9570.3
1.2517994617260797,22.943388352859923,10714.7
1.619661059343656,22.96274859224477,10269.3
1.0258334897191617,22.98421538617408,11560.0
1.5142982291548748,23.04916748462842,10503.9
1.494216942785329,22.954222061945742,9729.3
0.9762813692958758,22.952566911946523,10785.8
1.2015018773545592,22.97578916799622,10240.5
1.3436660208699749,22.95452299830924,9891.3
0.9640062597860036,23.002271567983783,9576.1
1.451633087209487,23.0062338967698,10062.8
1.4688418026161258,22.942987104375263,10305.1
0.9699624530591252,22.97423433011816,10351.4
1.2388162422640503,23.03326801342377,11917.5
1.431786920099853,22.923927801353912,10611.1
1.2397470415013745,22.98040352556981,10974.1
1.3446744637079888,23.034973319483573,10232.6
1.519699812378704,22.952968160431183,10290.1
1.0500656290973185,22.969068255878163,9946.8
1.170505758635187,22.95316878467351,10596.2
1.2821314653932632,22.929394811957405,9776.3
0.9769539078142202,22.994346910411743,10051.7
1.3274890419506562,23.048766236143763,10648.3
1.3444222111020565,22.95753236194419,10161.7
1.0631644778057563,22.989782708898737,10590.6
1.3129923721431709,22.99850986344009,10834.1
1.2062499999956344,23.05107341493056,10781.8
0.9890453834037488,22.966861389212536,10333.9
1.4334001001552394,22.963049528608263,10640.1
1.1891350607048423,23.04610796493289,10091.1
1.376893228196053,22.92849200286692,11320.3
1.0773567178208054,22.936216036196623,10399.1
1.1440360089943056,22.936667440741868,10398.4
1.170432496711186,22.93491197862148,10657.1
1.3760320240252495,23.036778937664543,10118.6
1.2324053800444688,23.03788237099736,10245.4
1.151511358656208,22.9517644149772,9851.9
1.345852895145029,22.990284269504563,10314.6
1.1257739696149258,22.963852025577584,10625.6
1.157479822296736,22.938623527104586,10132.2
1.5265265265280163,23.00462890283116,10509.7
1.2766756367782932,22.96796482254535,13150.8
1.214169483040649,22.936316348317792,9983.6
1.206325395332911,22.94213445134536,10381.4
0.9639459188833684,22.962247031638945,11783.0
1.363778542379066,22.9658081119403,10154.1
1.2958557656235854,23.01892338009717,9828.7
1.0953930896343849,23.02805178312319,10308.3
1.4073935072246542,22.96355108921409,10105.7
1.189283925885121,22.987375217990778,10426.0
1.6186711838986554,23.053882154323176,10785.1
1.7973446893759188,23.311032276929662,10439.9
1.99123356292634,23.533524561673648,10235.8
1.4209702660520946,23.57104129498936,10535.5
1.5015015014981683,23.644469767682143,10773.8
1.6147202403227396,23.657761123736503,11325.9
1.7080648188767356,23.71529012522464,10324.25
1.6846192384781773,23.68133447221028,10685.5
1.615023474170684,23.70029346311047,9550.3
1.7461509575714445,23.705208757047554,10718.8
1.5889896778279962,23.665585469187377,9713.1
1.5030060120204638,23.70370407523008,9474.7
1.6146191876757428,23.675616681303875,10705.7
1.632474355776239,23.688506788873585,9924.2
1.546165884194778,23.689861002509307,10547.2
1.772183605728074,23.731490532792783,10538.2
1.6402679521665675,23.71288263431668,10221.8
1.7019146539863923,23.67982979039281,10754.6
1.703300144029754,23.721910725221527,10196.3
1.7274832571520309,23.70410532371474,10043.0
1.7056499655294175,23.63619401768603,10999.1
1.9106684207337992,23.721007916131043,10502.4
1.7030868448892988,23.638049791927585,10564.6
1.692789968641094,23.664933440399803,10667.7
1.7585581075148866,23.64923459343748,10177.1
1.679197994965108,23.700393775231632,10440.7
1.384104716007684,23.711077016135707,10934.4
1.8165873214695123,23.70816796462192,10168.3
1.860785665059467,23.639755097987383,10280.5
1.7954332186216249,23.69693300705144,9910.2
1.6169466031689268,23.66428141161224,10264.8
1.8914010146037723,23.677974016151254,9858.5
1.8426825446584445,23.67892698130232,10079.7
1.9342723004848068,23.642112432834764,10855.9
1.4528148287350149,23.66929701767048,10830.0
1.8849019976261872,23.71870073734425,10105.8
1.8412976764593336,23.64562335707554,9952.4
1.7786685037688272,23.700243307049885,9754.8
1.6461162921727208,23.68870741311591,9921.0
1.7915309446171506,23.65425019949573,10870.6
1.6606090988989877,23.70490782068406,10937.3
1.982117176254505,23.632131376778847,10474.2
1.6649974962646752,23.665585469187377,9818.8
1.853823510968283,23.68048181918038,10686.9
1.6082603254112513,23.705459537350468,10204.6
1.5593687374691854,23.689560066145813,10267.3
1.691623331843033,23.72632445855279,10443.6
1.6906700062689026,23.700193150989303,9998.6
1.955132222079854,23.64983646616447,10002.3
1.7479012654925017,23.659366117675145,9829.3
1.7774439854964044,23.697334255536106,9685.6
1.491508428905533,23.68790491614659,10224.9
1.7348280828970388,23.67952885402931,9837.5
1.6146191876936626,23.692368805538432,10256.6
1.8956456456628248,23.717095743405608,10849.8
1.8792282635929207,23.77587864640829,9913.7
1.8730815009651,23.719101985828907,10060.6
1.664164164148474,23.646576322226608,10206.7
1.876994306451096,23.68544726917805,10343.2
1.6904583020355233,23.68710241917727,9992.6
1.9231973939778868,23.71493903280056,10400.0
1.930066424373976,23.730286787338805,10265.9
1.6291747603090698,23.681434784331447,10442.2
1.954397394134432,23.68168556463436,10301.0
1.6034072403840298,23.679378385847563,9691.1
1.8592713158709413,23.720606667646383,9731.9
2.064435408188203,23.66638796615669,10358.4
1.89683235258984,23.66583624949029,10938.2
1.5645534764380358,23.717797928253763,10437.9
1.6589457869183946,23.688005228267755,10026.0
1.932820416603846,23.686651014632027,10845.0
2.1616541353094902,23.68640023432912,10979.3
1.664684898950469,23.66428141161224,11102.5
1.771850738802755,23.68083291160446,10368.5
1.7984709863360422,23.668093272216502,10410.8
1.6998055573104691,23.644469767682143,9646.2
1.7015952455254677,23.67566683736446,10533.9
1.6343143394139332,23.696180666142705,10880.4
1.8988531678703424,23.70952217825765,11430.0
1.339760846437244,23.67752261160601,10192.85
1.7268445839874431,23.69387348735591,10397.7
1.8417590678458,23.73008616309648,10260.2
1.3959311423983536,23.723515719160165,6498.9
1.6421184581607804,23.73329615097376,9943.8
1.9609071544948904,23.73560332976055,10727.4
1.917910913979412,23.71458794037648,10726.9
1.8430290872630333,23.67952885402931,11210.4
1.5713033679788708,23.68048181918038,9612.0
1.9045232426883416,23.75014858732948,9759.7
2.362303402480123,23.692168181296104,10532.8
1.313813813835452,23.6984878449295,11564.8
1.2327138476766777,23.703302826745418,10570.7
1.5281518131161675,23.692820210083674,10594.0
1.1694809255753995,23.713033102498425,9687.1
1.2765957447042524,23.71619293431512,11352.1
1.5198899174336589,23.755465129751222,11212.6
1.200300075008414,23.72276337825143,9903.6
1.3072304228331006,23.74322705096909,9919.9
1.2261495151473412,23.6924691176596,9724.5
1.307312191171377,23.703603763108912,10511.7
1.1769124827875146,23.72115838431279,10489.3
1.458072590748202,23.387319645075653,10150.2
1.1446800525169325,23.35085618903217,9553.0
1.263368565900592,23.335709058736256,9909.4
1.220504475190225,23.30044934814676,10172.5
1.3629259143437622,23.260474967862503,10735.8
1.368912440060711,23.087436558852872,10318.5
1.2601880877801364,23.13393122701285,12599.4
1.2756378188964843,23.106144769450143,9506.6
1.2264564170078671,23.098370580059857,12649.0
1.3395931142497517,23.16272080578721,10524.2
1.01951463597986,23.10604445732898,10655.8
1.382892184446277,23.1108594391449,10393.5
1.5902829952641184,23.1025335330882,10587.7
1.2006753798911944,23.05659058159463,10253.0
1.1330203442864928,23.011199346767462,9714.0
1.2140175219039264,23.058245731593853,10252.7
0.9890453834217824,23.08342407400627,10285.7
1.5527172551852004,23.028352719486683,10691.2
1.7079579579460358,23.11050834672082,9754.3
1.237732074788525,23.11677785429364,11187.3
1.37637637634802,23.07901034067501,10840.6
1.3460214111455286,23.07539910431307,10687.8
1.1506472390877605,23.073342705829187,9581.6
1.3762041786273187,23.11452083156742,9866.1
1.802591224889128,23.141454636100224,10545.2
1.2082889876624563,23.06697288613521,10218.1
1.1582044700647742,23.0331677013026,10225.1
1.101997370239232,23.07329254976861,10720.3
1.195094481275376,23.07384426643501,10570.2
1.3956690449253983,23.061907124016376,10480.7
1.4092446448705689,23.03407051039309,9935.3
1.3642906314850194,23.089192020973258,10648.9
1.1766178495102508,23.06035228613832,10590.5
1.22653316647083,23.02810193918377,10595.7
1.188242651671672,23.0503712300824,9870.1
1.27659574466783,23.011099034646303,10736.1
1.533262406916549,23.089492957336752,10738.2
1.3757738728104556,23.089342489155005,10012.1
1.3825461369808352,23.024390390700667,10462.8
1.2575075075131394,23.02649694524513,9727.8
1.1198698698569842,23.005932960406305,10296.5
1.4146219329050922,23.023236801307267,10328.8
1.6091666144929206,23.04665968159929,10074.8
1.5529117094434497,23.00864138767776,10647.85
1.4704042047521142,22.98406491799233,11544.4
1.1697735518550587,23.01977603312708,9709.1
1.2458523758781723,23.02213336797445,11155.1
1.7383691845741822,23.069229908861423,10208.3
1.3198223556912012,23.00101766646922,10138.4
1.1517275913670346,22.996302996774464,10074.5
1.1204306459557785,23.049368108870752,10778.9
1.4140023775318014,23.04069111038998,10125.6
1.3711495116470758,23.025443667972898,10588.1
1.3461899693337926,23.082772045218697,10367.0
1.3386713374286074,23.03878518008784,9626.6
1.17602902540024,23.039186428572503,10037.3
1.288869423761156,23.05393231038376,9725.5
1.505967631053451,23.02850318766843,11426.0
1.2632895559839454,23.039186428572503,10659.9
1.439389198315709,23.11727941489946,10662.9
1.308130437519793,23.07459660734375,10716.6
1.3940985246198352,23.00683576949679,9911.7
1.0885885885825817,23.0182713513096,9980.6
1.458802905093819,23.03928674069367,10294.2
1.30366656218051,23.012754184645523,11985.7
1.308458022929372,23.11828253611111,10417.2
1.375945962856619,23.11131084369014,10283.1
1.2017274832472822,23.070132717951907,10422.6
1.0331872260633477,23.087336246731702,9960.0
1.6627078384640015,23.056289645231136,9901.4
1.1389236545722523,23.060402442198903,9915.7
1.4085388756730453,23.10915413308509,10053.4
1.3766347537774095,22.99881079980359,10247.8
1.0702885397528803,23.00839060737485,10229.2
1.219435932719179,22.993494257381844,10635.9
1.2148537791986342,23.023236801307267,11435.2
1.3901064496118352,23.01601432858339,10436.6
1.7218708909896918,23.13413185125518,9680.6
1.5015015014799644,22.99494878313873,11331.0
1.13913751017553,23.010697786161643,9903.6
1.2448392343238623,23.037029717967457,10383.7
1.2573501814146653,23.02955646494066,10291.9
1.2510947078694985,23.05343074977793,10224.1
1.671256885317689,23.143811970947603,10196.7
1.3143071723836215,23.032766452817945,9956.1
1.1202202891165172,23.022333992216783,9842.6
1.115637731135962,23.03577581645289,9748.8
1.244994994989426,23.02584491645756,10834.0
1.209121663947542,23.025443667972898,10271.2
1.7637125523839785,23.11562426490024,10654.3
1.3568436190732172,23.03858455584552,10286.0
1.170066324612648,23.03306738918144,9829.4
1.2061746140821867,23.01691713767387,10623.6
1.2639219121627718,23.01516167555349,10432.9
1.1582769847088912,23.013506525554263,9726.9
1.5073805354213476,23.04299828917677,10017.4
1.4021031547261913,23.08061533461365,10508.1
1.2260728137252102,23.02970693312241,9750.0
1.4132949784308977,23.0910979512754,10863.5
1.2589252160542088,23.09034561036665,9929.3
1.1517275914026186,23.03738081039153,11127.0
1.3633520950553475,23.09671543006064,9665.0
1.4952452452537417,23.099423857332088,10217.1
1.039318807897999,23.069330220982582,11363.8
1.1013767209070409,23.084778287642,10474.1
1.2200462992000496,23.03793252705794,10600.2
1.039318807897999,23.00071673010572,10692.7
1.3902805611407558,23.11692832247538,10054.7
1.4902943018187074,23.04154376341988,10444.2
1.3141426783334538,22.98256023617486,10091.6
1.1451814768563366,23.039086116451337,10786.2
1.526717557253292,23.04054064220823,10917.1
1.3708920187807934,23.10920428914568,10104.65
1.4636892474932637,23.06551836037832,9653.7
1.2955313556185928,23.00212109980204,10173.5
1.120641081848632,23.020127125551152,11710.0
1.2949640287451274,23.00683576949679,9588.3
1.208137715211592,23.04289797705561,10263.7
1.5384615384385825,23.104539775511505,10032.0
1.4332206784559105,23.04796373917444,11084.7
1.095255976968545,23.022735240701444,10638.8
1.364034538851783,23.040791422511145,10379.5
1.5079464397286273,23.00096751040864,11291.0
1.1649026116278662,23.02484179524591,10407.9
1.396193338366615,23.0787595603721,9643.0
1.4643304129965171,22.99163848314029,10285.0
1.1200100112855296,23.01290465282728,10242.2
1.3081304374838396,23.003625781619508,11639.6
1.4894549095713785,22.971074498301466,10306.9
1.2383513665532035,23.055637616443565,10472.4
1.6407815631234115,23.104941023996165,10181.0
1.333500281728476,23.077505658857536,10447.8
1.0523678276437352,23.04154376341988,10503.9
1.2450728899396069,23.03331816948435,10626.4
1.282853566951502,22.99901142404592,10408.0
1.2601090840757223,23.00844076343543,10308.4
1.3721804511294806,23.05749339068512,10613.6
1.7448405253156096,22.948303646797008,10213.3
1.1207814163038137,22.967062013454864,9813.9
1.3511822845194388,22.99003348920165,9705.6
1.2767555388525975,22.969720284665737,9363.3
1.3204831341049612,23.002722972529025,10502.9
1.6525821596331554,23.05217684826337,11568.2
1.396193338366615,22.99740643010728,10305.9
1.2263796771138686,23.019826189187658,9698.8
1.145611618890527,23.009193104344167,11361.1
1.3196572643608846,23.00533108767932,10440.3
1.4207034672788978,23.031663019485126,10461.2
1.4785114647200288,23.08111689521948,11351.1
1.5248093988264202,23.075098167949577,11788.6
1.1267605633734092,23.086483593701804,10434.6
1.2830141444411112,23.02092962252048,9863.7
1.3466958972896776,23.01415855434184,11096.5
1.3461056849629784,23.05583824068589,10629.6
1.917413371764084,23.140250890646247,10071.9
1.45734300722971,22.976290728602045,10256.0
1.1640277864967317,22.96951966042341,10160.1
1.1080505821717566,23.00773857858728,9807.4
1.345768652993968,23.034020354332505,10134.2
1.2955313556181096,23.008842011920088,10364.7
1.5025355286829978,23.07143677552705,10789.7
1.782586940226949,23.005581867982222,10143.2
1.0834846871557318,23.01531214373524,10446.0
1.1766178495458348,23.017619322522027,10387.7
1.4071294559102512,23.0583961997756,9888.1
1.3889757867558217,23.0566908937158,10203.0
1.565239168545233,23.08206986037054,10313.7
1.6338028169285082,23.083123137642776,10160.4
1.2651092878821115,22.961895939214862,11545.6
1.3887151257535637,22.98857896344476,10118.5
1.3137316233825658,23.018421819491348,9827.8
1.332916145184484,22.99600206041097,9764.5
1.7676925970077662,23.06877850431617,10271.5
1.4624085994784508,23.0151115194929,9365.8
1.6349285893170844,22.981757739205538,10348.3
1.1885399724546062,22.991588327079707,10545.5
1.2816505158147322,23.12254580126062,10251.9
1.4701282452155482,23.003976874043587,10868.7
1.5342225562099117,23.077154566433457,11292.7
1.0271827633807078,23.095160592182577,9855.2
2.060886995727856,23.021982899792704,10860.0
1.007887817695078,23.025092575548825,10527.25
1.4656144306809011,23.06837725583152,10119.3
1.371492985973461,23.09721699066646,11292.4
1.232174130580887,23.107498983085872,10052.4
1.4458283782921768,23.01616479676513,9865.1
1.657389455264905,23.081668611885885,11021.0
1.0509852987133286,23.095712308848984,9767.5
1.4259803614800006,22.97884868769175,9927.3
1.6964006259905915,23.08768733915578,9566.7
1.063962949062045,23.016967293734456,11304.4
1.314883225832574,22.9781465028436,10687.4
1.202103681468543,23.04309860129793,11473.1
1.182358461029736,23.098922296726265,9750.3
1.5478130091678253,22.99825908313718,11432.4
1.5840220385488235,23.06752460280162,11171.0
1.2002250422213765,23.04339953766144,10088.4
1.615023474152764,23.042597040692115,10621.7
1.2703379224201117,23.05734292250337,11463.3
1.0893382583051905,23.05934916492667,10950.7
1.4900143993013586,23.04746217856861,10505.4
1.478326234018212,23.076903786130543,10067.6
1.2820512820442789,23.05052169826415,10202.8
1.4021031547621163,23.003726093740674,11137.6
1.207155366520496,23.02072899827814,10638.2
1.0760760760588113,23.02549382403348,11293.7
1.4582551007734992,22.985720067991554,10588.5
1.5261446084577557,23.032515672515032,10399.5
1.164392137214307,23.05102325886997,10628.5
1.5129728039915022,22.980303213448646,11809.5
1.2149298597209537,22.99224035586728,10161.5
1.2440610152478229,23.055888396746475,10312.3
1.5712050078305566,23.00166969525679,9406.1
1.4952452452537417,23.049719201294828,10412.2
1.1384961841656036,23.072038648254043,10793.3
1.2410680706917532,23.132577013377123,9834.7
1.326658322900812,23.014559802826493,10154.2
1.2067779653555275,23.014910895250573,9939.5
1.3516896120350168,22.98722474980903,10028.8
1.9532961873134127,23.05995103765365,10425.7
1.2643965949039284,23.0495185770525,10958.0
1.4519056261383412,23.02529319979115,10230.2
1.30170849237021,23.01586386040164,10732.3
0.9763424708962134,23.08548047249016,9997.9
1.5199849877982672,23.04209548008629,10530.9
1.6975695314587256,23.141203855797315,10507.8
1.2137896515060618,23.045205155842403,10266.5
1.6591535186719142,22.993995817987667,10782.1
1.3959311423988652,22.985720067991554,10085.5
1.2267634725042311,23.00748779828436,9445.6
1.3449268109383468,23.078508780069185,9687.2
1.9330622458710849,23.076151445221807,11306.7
1.452451011085742,23.05057185432473,10029.1
1.28373724089694,23.025142731609403,10811.0
1.351013259928905,22.99178895132204,10766.8
1.0883843122479109,22.999061580106503,9605.7
1.4507253626858585,22.970873874059134,12042.2
1.40977443609043,23.059499633108416,11616.3
1.101997370239232,23.075248636131324,10006.1
1.4827327327295876,23.05177559977871,10379.4
1.216377202333959,23.03371941796901,9738.4
1.1569007566972402,23.086884842186464,10375.0
1.4018399148826433,23.030760210394643,10883.3
1.639139139135963,23.08823905582219,10208.5
1.2207336922572694,23.00969466495,9979.1
1.3526207025957433,23.0002151694999,10833.9
1.4013137316172646,23.01170090737329,10799.4
1.2693053210955014,23.04294813311619,10095.7
1.3339178356738302,23.0377820588762,10750.3
1.692577733171447,23.06551836037832,10045.5
1.1758819114364485,23.05458433917133,10433.5
1.2768354509834552,23.064916487651328,11587.8
1.547134356387474,22.998710487682423,9806.4
1.233022469819133,23.06496664371191,10232.6
1.4206145565809578,23.064113990682007,10367.1
1.697463200764517,23.11351771035577,9781.6
1.076614922402456,23.07384426643501,10307.6
1.658634286801643,23.00387656192242,10242.5
1.201953173897465,23.032415360393863,10445.8
1.277315133702487,23.0314623952428,10584.6
1.9891161568738769,23.01245324828203,10058.7
1.0087087275146729,22.97052278163505,10354.9
1.325745731971054,22.975086983148064,10488.0
1.177354709421806,23.02870381191076,10067.0
1.1574074073930802,23.028954592213672,9959.3
1.532111812901718,23.004578746770576,10630.6
1.527482158509116,23.060452598259484,10361.0
1.1382825692706433,23.04861576796201,9859.2
1.2904842448146354,23.040039081602405,9860.7
1.2761166020137722,23.001318602832715,9570.4
1.2256128064164358,23.01792025888552,10193.9
1.6596730757328118,23.01175106343388,10835.5
1.6505157861560065,23.07459660734375,10034.9
1.1750000000029104,23.058095263412103,9765.9
1.282773293314463,23.041242827056383,10288.2
1.3778417986813167,23.02218352403504,9994.6
1.1205709277805909,23.005531711921645,10668.2
1.7802294239127008,23.047311710386868,11051.5
1.8977827884425125,23.092552477032285,10402.1
1.0954616588419412,23.06938037704317,9945.2
1.2153104053137014,23.019575408884744,10430.4
1.2146255947921103,23.003224533134848,10241.0
1.0756722951672515,23.01405824222067,11028.1
1.395057866774536,23.003375001316595,10181.5
1.6908817634985809,23.057192454321623,10873.9
1.1325240895993005,23.028402875547265,10551.6
1.381940970497979,23.03788237099736,9524.5
1.6578041914442707,23.006584989193875,10293.8
1.169627220412366,22.97935024829757,10588.9
1.48421843687089,22.97598979223855,10238.2
1.891874960822108,23.0675747588622,11007.6
1.2330996494930844,23.073743954313848,9853.1
1.2893534455764095,23.006584989193875,10654.1
1.4086270581608034,22.96164515891196,22721.4
1.1198698698569842,23.027249286153868,10203.0
1.2713722051903318,23.04430234675192,10389.8
1.7765544851549464,23.05092294674881,10572.0
1.2690672668335452,23.0443525028125,10374.5
1.1013078030219248,23.06431461492434,9822.6
1.395407045855336,23.01460995888708,9692.2
1.0820615461483385,23.04901701644668,9708.8
1.2147777082042523,23.04189485584396,9938.0
1.5850144092388805,23.0443525028125,11080.6
1.3751718964944928,23.02850318766843,10432.4
1.2332540377940262,23.073894422495595,9846.0
1.4779559118149592,23.026446789184547,10455.6
1.0012515644774993,23.04390109826726,10093.4
1.0710930159493444,23.033619105847844,11651.7
1.791867677491041,23.109354757327424,9560.2
1.35126681262102,23.01531214373524,10339.4
1.3335002817279928,23.04675999372046,9592.8
1.5088905584974557,23.041242827056383,11236.2
1.1941231634729237,23.04209548008629,9487.1
1.3956690449253983,23.045506092205898,9917.1
1.847907792540326,23.04420203463076,11599.8
1.2636056549593777,23.09345528612277,10639.7
1.22645641697234,23.032565828575613,9920.6
1.7711853799072514,22.97965118466108,10636.9
1.163882109996905,23.020377905854065,10044.9
1.591678155144578,23.05739307856395,10326.9
1.10192837466127,23.05734292250337,10188.9
1.1951692635208246,23.06175665583463,10638.3
1.633393829391963,23.06100431492589,9826.0
1.145324821640159,23.08989420582141,9875.9
1.413471761806079,23.07213896037521,10431.8
1.7283486755647033,23.127260470955378,10464.1
1.3138960145366667,23.10117931945248,9953.0
1.1956181533490309,23.0294561528195,10712.0
1.403157103476886,23.047311710386868,10750.8
1.268908613593851,23.09320450581986,9779.7
1.4031571034773975,23.01892338009717,11117.7
1.6897177545597373,23.07143677552705,10618.3
1.2948830226493016,23.02338726948901,12421.8
1.1011011011067495,23.01741869827969,10648.2
1.5316329081983042,23.06953084522492,9754.3
1.4083625438156415,23.045054687660656,9809.3
1.3271566295201325,23.04189485584396,10634.9
1.533646322386005,23.11266505732587,10296.9
1.239591811169845,23.00588280434572,11860.8
1.0513799361980318,22.99700518162262,10340.2
1.389497402498975,23.039387052814835,15274.0
1.1753673022847837,23.031412239182217,10471.8
1.2029321470984655,23.04099204675348,9781.5
1.591179602854254,23.1283639042882,10989.8
1.3127461398869116,23.11768066338412,9910.4
1.0956674179816588,23.040039081602405,10231.3
1.382719139098242,23.010196225555816,10167.6
1.4769384817487603,23.00949404070766,10521.8
1.2393590385461124,22.97438479829991,9941.7
1.5899843505704752,23.0615560315923,10133.4
1.2640801001009407,22.98536897556748,10165.5
1.076614922402456,22.98381413768942,10233.4
1.4700362817320922,23.00588280434572,10522.9
1.2382739211889202,23.061856967955794,10954.8
1.277795176972731,23.0366284694828,10326.8
2.0794187648800744,23.06316102553094,11030.1
1.3638638638592795,23.01445949070533,10307.1
1.0708917835442406,23.0323150482727,11119.4
1.3649740154343135,23.051625131596964,9773.0
1.182284498909425,23.01621495282572,11397.8
1.3326659575827051,23.05418309068667,10072.0
1.6209788459288743,23.09822011187811,10436.2
1.2901609569724286,23.08668421794413,10664.4
1.6700025018661648,23.087286090671125,10066.7
1.2006003001400103,23.11391895884044,10140.2
1.201426694189621,23.085279848247826,9538.7
1.6012009007098271,23.081668611885885,10422.8
1.6392416942971124,23.09119826339656,10441.0
1.1267605633729971,23.035976440695222,10730.1
1.282532532525508,23.045957496751143,10443.2
1.164173499396938,23.108602416418687,10146.6
1.1642463695455234,23.05613917704939,10252.9
1.4516330872274352,23.088489836125103,9625.6
1.1825804029620173,23.0764523815853,10036.7
1.213865598800055,23.062659464925115,11329.2
1.3763763763834334,23.017167917976785,11077.2
1.333082989113194,23.03863471190609,10094.8
1.250547114362135,23.083223449763945,9960.0
1.683670276023662,23.130821551256734,9996.6
1.2643965948679463,23.044653439175995,10467.0
1.1830245368134484,23.041242827056383,10855.6
1.3218066779344326,23.013907774038923,10748.8
1.1018593877223282,23.021330871005134,10385.0
1.3907160308401956,23.08723593461054,9979.6
1.8605525277027937,23.057242610382204,13222.3
1.3078030160976368,23.03753127857328,10405.6
1.1086057872733903,23.04931795281017,10760.1
1.5464562985410737,23.02097977858105,9988.2
1.1955433149567938,22.961444534669624,11898.9
1.2259194395923032,23.016816825552706,9588.5
1.68918918919681,23.07680347400938,12020.5
1.2455404644116328,23.063060713409776,9605.2
1.3026052104311103,23.069430533103752,10780.9
1.4716933867590285,23.01606448464397,11768.6
1.382978723417466,23.034973319483573,9746.8
1.258215962446684,23.03788237099736,10859.0
1.5771686068105026,23.096966210363547,11156.4
1.4140023775318014,23.06857788007385,10948.4
1.2451507946380929,23.02995771342532,10523.1
1.526431029090901,23.017569166461445,10179.7
1.071495707764072,23.076251757342973,10496.0
1.5228426395900243,22.997506742228445,9866.5
1.1451098179185664,23.039437208875416,10705.1
1.1387098792509531,23.03412066645367,10293.6
1.5135405591246354,23.02148133918688,10480.9
1.238738738727335,23.036427845240464,10165.2
1.6901408450770958,23.079712525523167,10500.6
1.641604010022391,23.06541804825715,10338.3
1.23889375546365,22.9921901998067,10684.8
1.1140317937336448,22.98366366950768,11056.2
1.400350087515875,22.997958146773687,10485.3
1.2388162422460738,23.025142731609403,10976.3
1.3966305505348515,23.063612430076184,9732.0
1.5965439519082594,23.142708537614787,9969.0
1.431607901962721,23.062107748258708,10480.7
1.2143214822247188,23.035173943725905,10564.9
1.3134029645598415,23.09260263309287,10201.7
1.3140604467660069,23.014509646765912,9964.4
1.4894549095719185,23.04711108614454,9686.8
1.566219771958444,23.09506028006141,10169.4
1.4319659829785394,23.05022076190065,10754.0
1.132594956509422,23.03893564826959,9948.5
1.2453845672748116,23.067023042195792,10859.6
1.2575075074771718,23.016616201310377,10043.1
1.2333312464970732,23.020528374035813,10406.0
1.5904821540261622,23.06100431492589,10965.7
1.4589855980063362,23.0566908937158,9521.7
1.057969199951046,23.046810149781045,11500.0
1.1399937363027703,23.02855334372901,10049.0
1.232020012490608,23.03422097857484,9467.6
1.3323325201751004,23.0202775937329,10368.2
1.520936345993377,23.079662369462586,10535.8
1.641089884118358,23.04871608008317,9851.4
1.0764801602390577,23.030609742212896,9843.9
1.2070798674048149,23.015914016462222,10023.3
1.3271566295201325,23.011199346767462,10192.8
1.420792389070769,23.00668530131504,9883.5
1.551939924894583,23.092702945214032,11095.3
1.3576076075971883,23.06892897249793,11779.6
1.1646108572061848,23.073894422495595,10009.7
1.2518778167250133,23.046810149781045,10215.7
1.3143894347983007,23.039086116451337,11000.5
1.4021909233118492,23.045957496751143,10514.1
1.501125844397805,23.068427411892102,11111.3
1.407833813039602,23.05914854068434,10474.6
1.2083646381121014,23.065919608862977,10173.4
1.2895148669786636,23.01887322403659,11504.5
1.389671361484858,23.05749339068512,9925.7
1.183246728863395,23.078960184614427,10135.1
1.5400989169356052,23.106546017934804,10599.1
1.314307172347668,23.073041769465693,11000.6
1.0584993110371954,23.003224533134848,10824.1
1.4271407110840073,23.0644149270455,10364.1
1.2146255947921103,23.019374784642416,10417.5
1.333750782720415,23.04575687250881,10856.1
1.4645137063261018,23.099875261877333,10228.9
1.3320825515979493,23.02007696949057,10524.3
1.327572171078529,23.0411926709958,9734.2
1.3716647876749877,23.017619322522027,10079.0
1.2835764823673088,23.01626510888629,10425.1
1.0577705451599968,23.03065989827348,10513.2
1.3895843765837128,23.019575408884744,11386.6
1.3707204105915167,22.991187078595047,9904.8
1.03299317596273,23.023587893731342,11827.9
1.1643921372147332,23.01496105131116,11064.4
1.3583724569897413,23.005481555861063,12632.8
1.7159318637216927,23.06466570734841,10801.4
1.351435900664697,23.02529319979115,11085.2
1.151223174602947,23.063261337652104,10230.2
1.3143071723836215,23.08944280127617,10477.3
1.440741668747279,23.050822634627643,9854.4
1.3154597845009448,23.0414936073593,11581.1
1.5031001440612783,23.05543699220124,11587.0
1.4258911819701297,23.03627737705872,11060.4
1.126549004874633,23.05674104977638,10160.3
1.1273957159252177,23.029355840698333,10078.2
1.318914864348983,23.040390174026484,11507.0
1.415419302316991,23.07379411037443,10374.0
1.6226036837285278,23.11768066338412,10112.4
1.5507753877187582,23.049267796749582,10867.5
1.182136602424137,23.089192020973258,10682.1
1.2697022767249706,23.074044890677342,10028.9
1.450271925990208,23.015562924038143,10763.1
1.007887817695078,23.01039684979815,10805.3
1.589586332047929,23.081367675522387,9776.7
1.697463200764517,23.016716513431543,11032.0
1.0951188986233549,23.06516726795424,9786.9
1.2702584319053614,23.056891517958128,11864.2
1.5637705635829633,23.03788237099736,10564.4
1.3638638638592795,23.07319223764744,10924.9
1.5329745963923216,23.16337283457478,10476.2
1.7338507761757995,22.96992090890807,10041.4
0.9768315591719272,23.020127125551152,9871.0
1.1830985915580357,23.02805178312319,11024.3
1.5319202151014508,23.04219579220745,10254.8
1.0389935532166277,23.113016149749942,11120.1
1.5834272124342874,23.14521634064392,10564.5
1.7796716380299245,23.064916487651328,9829.7
1.1758083682559857,23.07620160128239,11108.8
1.132878512861069,23.0042276543465,9856.8
1.5963440590888354,23.004528590709995,10048.7
1.314060446801946,23.070182874012488,9439.1
1.5591734502137768,23.100527290664903,10384.7
1.5453919789600263,23.02815209524435,10329.6
1.1510071312559518,23.03417082251425,10910.6
1.4395693809777157,23.048264675537936,10687.2
1.3773242346534147,23.00247219222611,10358.8
1.007194244595354,22.99178895132204,10336.2
1.3700344072584585,23.106546017934804,10382.9
1.396193338366615,23.117429883081208,11694.8
1.0768845479416171,23.1028344694517,11346.6
1.170286000372727,23.0887907724886,10758.0
1.3708920187807934,23.01084825434339,10467.8
1.0950503723171463,23.006885925557373,10899.5
1.5018773466974835,23.10032666642257,9657.9
1.419637273271363,23.03933689675425,10205.7
0.9831548625505492,23.064866331590743,9997.2
1.2514861397910266,23.03647800130105,9461.2
1.3446744637082304,22.98923099223233,10947.9
0.957326992847996,23.03607675281639,10027.0
1.3833249874942624,23.09686589824238,9984.4
1.4946841776195328,23.014760427068826,10422.8
1.1693346673308724,23.03552503614998,11292.5
1.438938938931955,23.0658694528024,12315.8
1.4533608970788237,23.00503015131581,11498.0
1.320317877470785,23.029205372516586,10576.9
1.3274890419506562,23.07459660734375,10378.9
1.846519779676683,23.00984513313174,10949.5
1.070288539788919,23.0443525028125,11260.3
1.1966668754931078,23.03351879372668,10099.6
1.5273865414725094,23.01531214373524,10692.1
1.2263029468940516,23.09470918763733,13069.4
1.4714169431953366,23.086533749762385,10416.8
1.5198899174336589,23.02178227555037,10455.0
1.1517996870269798,23.05548714826181,10218.1
1.6404733579581716,23.065217424014826,10889.7
1.4153306613285397,23.0968157421818,11266.2
1.532878683608459,23.097668395211706,11700.5
1.67031592116615,22.95973922860982,11679.7
1.051643192483894,22.99359456950301,10828.6
1.3400125234901736,23.053681530080848,10013.1
1.552911709444018,23.092753101274617,10827.9
1.2275317843179323,23.09014498612433,10479.7
1.309523809503574,23.11161178005364,10204.1
1.4647887324103976,23.06717351037754,10947.5
1.0386685020487505,22.996252840713883,10585.5
1.2140934977173714,23.016816825552706,11124.4
1.1895817681085106,23.06160618765288,10799.2
1.5695347673896691,23.01691713767387,10968.1
1.365059486532786,23.02494210736707,10261.9
1.2452287090862342,23.00683576949679,11314.5
1.1079118678133,23.03351879372668,10463.3
1.151223174602947,23.069881937649,9807.8
1.188688688703067,23.0363275331193,10361.0
1.2082133466840617,23.039988925541824,10915.7
1.6908817635337954,23.043650317964342,10199.5
1.5699274455899683,22.99043473768631,10263.7
1.2633685658646383,23.0331677013026,10060.7
1.1891350607228333,22.99324347707893,11146.3
1.2952071080008096,23.059549789169,10852.3
1.408186256102411,23.02293586494377,10029.0
1.3396769750569035,23.092552477032285,10982.4
1.5147721582634972,23.043198913419104,11309.1
1.2015018773365682,23.02780100282028,10217.6
1.1394227759384847,23.060502754320066,10340.4
1.2018779342625407,22.99545034374456,10437.5
1.226840260403634,23.034572070998912,10114.7
1.3960185300998518,23.072439896738704,10041.5
1.42230576442239,23.02087946645989,10422.5
1.2954502784950537,22.97744431799544,10286.6
1.2573501814142105,23.010747942222224,10059.1
1.4329516300476115,22.999914233136405,10809.4
1.2335629304775466,23.00839060737485,11005.2
1.3706346226077954,23.0575435467457,11013.5
1.4571607254633818,23.09029545430608,10304.1
1.5282475259938764,23.01059747404048,9986.1
1.3392577758396982,23.02283555282261,11050.6
1.2460864120166235,23.008290295253683,10694.1
1.2388937554631951,22.99825908313718,10250.2
1.4712327052115055,23.09004467400316,10421.2
1.2894341512257768,22.977494474056027,10173.6
1.301464147139754,22.980102589206314,11155.9
1.333166426741201,23.05197622402104,10793.2
1.3771517996943032,23.007136705860283,10071.9
1.389671361520783,23.013155433130184,11604.1
1.3586275982870577,23.09445840733442,10132.3
1.6889778556304833,23.03131192706105,11550.6
1.246320536100015,22.98983286495932,10721.8
1.2778752192305234,23.021330871005134,10300.4
1.2879024695201764,22.993093008897183,10173.6
1.3138960145371357,23.049719201294828,10331.1
1.421326153629039,23.126457973986057,10159.2
1.3515204605379267,22.94409053770808,10381.1
1.126690035045641,22.987124437687864,10907.8
1.1088141326934675,23.00292359677136,10907.2
1.2897570748793328,23.01049716191931,10424.4
1.5222702499485905,22.99610237253213,10142.5
1.5094575973786704,23.105743520965483,10497.3
1.4315184097248306,23.079361433099088,10628.9
1.321061858243425,23.024641171003577,10478.8
1.2455404644116328,23.05558746038298,10559.8
1.2646340700049166,23.039186428572503,10253.4
1.4708643675135846,23.07173771189055,11058.3
1.4093329157535237,23.10815101187345,10539.9
1.4202590252258034,23.090997639154228,11183.8
1.3085399448834067,23.01365699373601,10258.7
1.1339431148964536,23.044051566449006,10747.4
1.0955988230139582,23.01335605737252,10490.7
1.4834752128162307,22.99785783465252,9686.1
1.2843002130346264,23.05990088159308,10094.9
1.2263029468580695,23.041242827056383,10264.3
1.2460864120166235,23.087436558852872,10311.7
1.2945590994413294,23.082872357339863,9992.4
1.3895843765477878,23.08462781946025,11240.1
1.6664578373836036,23.12931686943926,11498.1
1.1766178495458348,23.0907970149119,11453.1
1.6193572589523058,23.092552477032285,9834.6
1.1638092854373383,23.06792585128628,10882.2
1.1265490049106577,23.06120493916822,10698.0
1.4894549095713785,23.053280281596187,10257.3
1.5781563126011091,23.1392477694346,10993.2
1.114659653095316,23.039888613420658,10836.0
1.302115938409699,23.00663514525446,10413.1
1.1889862327696503,23.062508996743368,11125.5
1.0822646230722484,23.04756249068978,9985.0
1.2830141444775336,23.0283025634261,9949.9
1.5526200463167044,23.130972019438484,10674.1
1.2575861853275967,23.094909811879663,10064.8
1.3333333333362418,23.006384364951547,10576.9
1.2450728899400616,23.0515248194758,10051.5
1.206476214285587,23.12013831035266,10249.8
1.3901934998890653,23.053280281596187,11429.9
1.308130437519793,23.07344301795036,9866.6
1.5272909364059757,23.038133151300272,10416.5
1.18973074516164,23.0217321194898,10481.1
1.121413356709127,23.020026813429983,10778.2
1.294397198603335,23.06672210583229,9697.8
1.2955313556185928,22.998610175561257,15434.7
1.4399298816682062,23.06672210583229,10988.8
1.2264564170078671,23.00899248010184,10067.9
1.3146362839474222,22.99956314071233,11129.0
1.1332331580248791,23.02213336797445,10500.7
1.0702215546505585,23.00417749828592,11042.1
1.58580920143541,23.03898580433017,9639.3
1.3521973206665336,23.096163713394223,9805.3
1.2824522990227791,23.11988753004975,10261.6
1.40377263896184,23.05102325886997,11865.5
1.2015018773365682,23.04675999372046,9947.0
1.2132582864303032,23.034973319483573,10255.2
1.3208964567335355,23.01746885434028,11097.6
1.3087038196778025,23.06617038916589,10019.1
1.1323115420694023,23.075298792191905,10355.0
1.2205808713141693,23.012804340706108,9716.5
1.396630550498898,22.99279207253369,10200.7
1.0579029733973897,23.02529319979115,10578.7
1.4831038798470075,23.044051566449006,10939.2
1.4953387974808976,23.06561867249948,9894.3
1.2447613686062056,23.038133151300272,11134.6
1.1138226644310834,23.03045927403115,9900.2
1.258609893520159,23.05348090583852,10314.6
1.2896763288395192,23.04114251493522,10048.8
1.338922605240768,23.04194501190454,10415.0
1.3465272123897591,23.091699824002383,11490.6
1.0892018779284456,23.065267580075403,10219.9
1.189656251971087,23.03341848160552,10124.7
1.2456964006206022,23.11020741035733,11040.7
1.363266837591496,23.079712525523167,11585.9
1.3973306598043962,23.11963674974684,9642.5
1.4518147684650555,23.052828877050946,10585.1
1.3522819758542963,23.059599945229586,10571.9
1.1136136135949073,23.021431183126296,11121.2
1.4255345754827289,23.009243260404748,10600.3
1.2190547636621003,23.027148974032706,10683.8
1.2452287091226566,23.01290465282728,10594.3
1.5031001440253815,23.066270701287056,10112.6
1.2266866942174346,23.120037998231496,11127.9
1.1079118677772613,23.028804124031925,11064.5
1.2020284229896845,22.996704245259124,10325.35
1.2823720755589534,23.047662802810947,11449.0
1.533742331295727,23.050822634627643,10931.6
1.132594956509422,23.02148133918688,10161.1
1.1886143259088868,23.040039081602405,10116.2
1.4386689184890429,23.045255311902984,10208.1
1.0877039445199443,23.02484179524591,10359.3
1.1637364699905106,23.01651588918921,10013.0
1.86822142811252,23.076301913403555,10670.5
1.1074959329361462,23.01601432858339,10539.5
1.094981854586365,22.97739416193486,9747.0
1.3638638638592795,22.97513713920865,11325.6
1.3138138137995128,23.009293416465333,10579.6
1.3078030160976368,22.990334425565145,10511.1
1.6726179289504586,23.036778937664543,10279.7
1.5524256651259378,23.03552503614998,10179.7
1.150935134777086,23.03191379978804,10344.2
1.1956930011468645,23.02108009070222,10434.9
1.02002503125604,22.95833485891351,9571.6
1.0452525505671275,23.02338726948901,11453.9
1.4893617021306795,23.025192887669984,10979.3
1.1138923654379624,23.057593702806283,10107.5
1.2253063265945912,23.07519848007074,10857.0
1.2895148669781946,23.02850318766843,9765.5
1.3262433531408533,23.081869236128213,10310.6
1.1950197084245104,23.041593919480466,9743.9
1.4710485133233675,23.0403400179659,10219.8
1.2510947078694985,23.07344301795036,11701.4
1.1647567161287498,22.97453526648166,10151.0
1.5641619220425866,22.994798314956988,11910.5
1.3390063821881455,23.016766669492124,11103.4
1.145324821640159,23.024440546761248,11602.9
1.8031555221305808,23.11246443308353,11026.6
1.1080505822077953,23.01616479676513,10017.0
1.3270735524227462,23.06682241795346,11390.8
1.3842781083749711,23.05473480735308,10188.8
1.2377320747525855,22.97799603466185,10129.3
1.2517994617260797,22.981757739205538,10632.3
1.5746063484241688,23.01365699373601,11528.5
1.3831518337483857,23.10208212854296,9785.3
1.3635226420134785,23.138244648222944,9928.5
1.7165768700606208,23.03928674069367,9993.9
1.2394366197066518,23.019023692218337,10515.4
1.1953936663113467,23.086533749762385,10876.9
1.2525834533727078,23.030409117970564,10679.0
1.1833208113924911,23.050622010385315,11983.5
1.1013078030219248,22.92989637256323,9746.4
1.4406514249846651,22.9769929134502,10264.0
1.5043249342005822,23.0022214119232,9831.0
1.2517211165350233,22.98421538617408,9602.2
1.28301414444158,23.01586386040164,9981.8
1.3571830633457438,23.06341180583385,11212.5
1.1147992735187984,23.00342515737718,12029.7
1.1461856445049392,22.99339394526068,10465.3
1.3889757867558217,23.051625131596964,10084.0
1.1384961841656036,23.08242095279462,9770.9
1.3264923038388474,23.052578096748032,10037.4
1.5208411565862292,23.070684434618315,11274.8
1.2514861397910266,22.999964389196982,11622.2
1.189358372471105,23.099774949756167,11035.9
1.5956448282268525,23.14215682094838,10864.3
1.4392991238976975,23.032615984636195,10338.0
1.4941235308912582,23.08041471037132,9968.5
1.2723284236727608,23.07860909219035,10424.5
1.469760460338179,23.00844076343543,10646.5
1.3648885549665692,23.051223883112304,10294.4
1.0630979926283004,23.0555373043224,11087.9
1.2776351224270428,23.003976874043587,9757.3
1.4954323614152545,22.999462828591163,11044.1
1.2334856928010254,23.11868378459577,9784.4
1.5509693558713735,23.08487859976316,10470.5
1.3327493430137451,23.09029545430608,11702.3
1.1132653699232122,23.0856309406719,9735.2
1.4509068167651549,23.039387052814835,10200.9
1.2266866942174346,23.10107900733131,9576.5
1.301219893624264,23.03452191493833,10911.8
1.3022789882393653,22.986673033142623,10828.3
1.2582159624471387,23.041393295238134,11535.4
1.3388388388473658,22.99384534980592,10120.1
1.5323992994459985,23.04289797705561,10299.6
1.5019713373945365,23.10163072399772,10760.1
1.2776351224275118,23.019023692218337,10315.0
1.4718777402194974,23.051474663415217,9895.1
1.1825064130725025,23.116175981566645,10726.5
1.5386539904695269,23.06015166189599,10780.1
1.3702058437107638,23.07028318613365,9919.8
1.4453760480525375,23.165027984574003,11884.7
1.3959311424342786,23.10990647399383,11008.5
1.4639639639438684,23.03131192706105,11022.1
1.6006002250829283,23.04074126645056,10387.4
1.4010507880852003,23.07885987249326,10651.3
1.4580725907487275,23.01380746191776,11420.5
1.4017521902320738,23.051625131596964,10537.0
1.5594663994431954,23.05879744826026,9619.4
1.5080407984680306,23.025744604336392,10705.2
1.0508538187233825,23.024791639185324,11153.1
1.6144171203406188,22.983864293750003,11287.7
1.3397608464008073,23.0165660452498,10664.0
1.3461056849629784,23.070533966436567,9948.6
1.472892510170951,23.018973536157755,11813.8
1.4690254422914393,23.049819513416,9988.2
1.0643626346180497,23.042747508873862,10387.9
1.277075247263781,23.045606404327064,10835.3
1.3017084924061637,23.07840846794802,10487.6
1.3787052703854954,23.11035787853908,9657.8
1.3706346226077954,23.07439598310142,10245.6
1.3263263263231977,23.0535310618991,10306.3
1.3192447167964332,23.04194501190454,10330.3
1.3900194101632763,23.048415143719684,11244.9
1.3447585689412165,23.05212669220279,10494.6
1.2597931682917365,23.07354333007152,10489.2
1.3713212273025448,23.033970198271923,10153.5
1.1203605182321326,23.09039576642724,11300.0
1.5700256458425486,22.996252840713883,10415.1
1.4521782674053867,23.028804124031925,10445.5
1.1206410818125931,23.044051566449006,9829.9
1.5528144762268852,23.09606340127306,10041.1
1.3026052104311103,23.0503712300824,10088.9
1.1081893313412792,23.0988219846051,10981.9
1.878992859826752,23.02218352403504,11243.8
1.376720901133794,23.013957930099505,11534.3
1.2148537791986342,23.02298602100436,10042.2
1.501407569574866,23.06316102553094,10227.3
1.3393415947012102,23.028402875547265,10483.7
1.1576246792925389,23.05338059371736,12861.9
1.7390216439554391,22.99845970737951,11437.3
1.5085127691381643,23.04214563614687,10822.6
1.0515115478455357,23.02770069069911,9589.6
1.538172950679083,23.06110462704705,11242.7
1.4775857750974095,22.98085493011505,11541.4
1.326907429427223,22.969820596786903,9697.1
1.563574957783345,23.00728717404203,11001.7
1.5338383522268373,23.016716513431543,10439.4
1.1200800950998513,23.043249069479685,10544.3
1.6391391391717889,23.107799919449366,10922.2
1.395756399813436,23.001569383135628,10214.2
1.1139620752049382,23.026446789184547,10551.7
1.6067521100386415,23.072690677041614,10383.1
1.2765957447037977,23.047211398265706,10865.4
1.164173499396938,22.99545034374456,10424.1
1.5882941470605942,23.04214563614687,10696.8
1.4085388756730453,23.06296040128861,12051.3
1.1264785030280962,23.05102325886997,10210.1
1.3757738728104556,23.03572566039231,10634.6
1.2575075075135942,23.01766947858261,10432.95
1.6453953953980405,23.09285341339578,9809.2
1.30878577241414,23.02338726948901,9642.7
1.1013078030219248,23.06917975280084,9754.1
1.3391739674676728,23.08502906794491,11648.1
1.522747211425468,23.07183802401171,10680.1
1.1828764551347604,23.04786342705328,10413.4
1.877816725087527,22.994146286169418,10325.7
1.4776782918951312,23.000415793742228,10585.8
1.1201501877220466,23.021431183126296,10516.0
1.457890126401793,23.02504241948824,10928.7
1.3144717075831238,23.00412734222533,10369.2
1.038863508338821,23.02619600888164,10162.5
1.5331664580799895,23.05498558765599,10602.3
1.5774647887076156,23.05498558765599,9610.4
1.0329285088414792,23.03311754524202,9761.4
1.512405474647565,23.023186645246685,11518.8
1.207306393089695,23.047612646750363,9919.0
1.1961422845891718,23.019124004339503,10403.5
1.5141087405270213,23.02178227555037,10488.4
1.3707204105915167,23.00648467707272,9684.9
1.1136136136309176,23.056289645231136,11197.3
1.63216809454471,23.021932743732123,10768.6
1.6222987785580756,22.989080524050586,10286.4
1.0018157911431445,22.991588327079707,11041.6
1.9537854593245072,23.014309022523584,10516.0
1.483753834593145,22.970272001332145,9951.4
1.2457743833672197,22.986673033142623,10780.0
1.52017516421175,23.03672878160396,10286.6
1.2765957447042524,23.088539992185687,11101.9
1.239591811169845,23.10238306490645,10852.2
1.4716012273634362,23.110759127023734,9852.7
1.2456964006561293,23.08297266946103,11568.9
1.4410124678833114,23.08543031642957,10074.4
1.3265753081755634,23.05142450735464,9963.9
1.5277690814614004,23.05814541947269,11041.7
1.3267413480165402,23.048866548264925,10632.2
1.583724569621694,23.04816436341677,10318.3
1.2079108774519227,23.0515248194758,9549.8
1.239203905394433,23.00412734222533,11032.9
1.7852668503993383,22.99053504980748,10039.1
1.370463078850122,23.02208321191387,10211.3
1.2824522990591871,22.453614421271787,9818.8
1.3452634213276011,22.653034918147817,10647.0
1.144393721478281,22.714375780240218,10648.3
1.238971278381456,22.752745166585832,10020.6
1.120150187757659,22.794525165051056,10055.0
0.9892311544947034,22.85385978472016,10663.7
1.2275317843179323,22.829183002913567,11152.15
1.503194287876525,22.895389002882467,9547.6
1.8637813496660984,22.95166410285604,10284.4
1.420703467242987,22.89112573773296,9734.4
1.3028499843507575,22.92643560438304,10700.4
2.0105223600284745,22.954673466490988,9728.0
1.299837520319997,22.881445618040534,10514.1
1.302442078872076,22.94850427103934,11092.3
1.9033308289736224,23.02504241948824,10544.3
1.4206145565809578,22.898197742275087,9921.7
1.1707988980684831,22.930999805896047,11467.4
1.4458283782927026,23.003124221013685,10167.1
1.578947368432381,22.992140043746115,10692.8
1.2949640287815356,22.99936251647,10712.3
1.6714661324551514,23.064916487651328,10609.5
1.4773082942368632,22.96515608315273,10091.0
1.5831299668166992,22.99610237253213,11199.3
1.17683881064454,23.012352936160863,11497.6
1.611891620676715,22.99866033162184,10692.4
1.8640145117792315,22.98963224071699,10371.4
2.091683366749592,23.038484243724348,11519.1
1.395232434450321,23.01365699373601,9989.8
1.340264295117052,23.01646573312863,10467.7
1.858224363369104,23.39469258598128,11487.3
1.3757738728104556,23.3995075677972,12300.0
1.4506346526649736,23.40933815567137,11390.2
1.488337189671796,23.425237626876022,10840.1
1.4645137063261018,23.4098397162772,10182.3
0.9894169954388304,23.41335064051797,11318.0
1.0698198198327589,23.4608484298896,10607.5
1.1587848418271989,23.4310557299036,10473.4
1.7506564961787632,23.42132545415059,9819.3
1.5892879489658045,23.4310557299036,10168.2
1.3327493430137451,23.43707445717349,12004.3
1.2636847043858097,23.396448048101668,12666.9
1.4022787029223736,23.440083820808447,10048.0
1.4516330871915386,23.39133212992225,12146.0
1.138994930851254,23.42152607839292,11297.8
1.8720260455735769,23.481312102607266,9950.5
1.120360518268157,23.38320684810789,11229.9
1.1955433149567938,23.402115682947493,11051.0
0.9137564150836824,23.41696187687992,11175.5
1.5451019642013506,23.36580269508576,12832.8
1.453725170754197,23.41495563445661,10546.3
1.6029052657931686,23.533675029855395,10181.4
1.740328033070668,23.43341306475097,10603.3
1.4517239221619604,23.4058272314306,9631.0
1.4267834793303535,23.421626390514085,10206.4
1.3274059232332576,23.41941952384845,9966.9
1.4831966956597995,23.408635970823216,10228.0
1.440741668783744,23.511606363199093,11415.3
1.3072304227966924,23.45964468443562,10629.3
1.2965862824976142,23.40271755567448,10926.3
1.5396169733511869,23.473186820792897,10621.2
1.2833354200503777,23.44264177989816,10337.8
1.151151151130989,23.428497770813888,11439.6
1.4642387835709911,23.47504259503445,10551.2
1.4088916718852005,23.4920956556325,11308.5
1.3647176662032905,23.521487107133847,9665.3
1.2580584590405408,23.499418440477545,10758.9
1.402629931114916,23.55132996318044,10000.0
1.3772380117764982,23.54526107984996,10118.9
1.2638428330215987,23.610664582849537,10545.8
1.2891920645830055,23.5654739722647,10304.9
1.451542263659363,23.524797407132294,10938.7
1.795096322239374,23.515117287439868,10011.9
1.0701545778602934,23.55303526924024,9743.7
1.3775829680723175,23.57374972226081,10327.0
1.3588828354835414,23.53698532985384,9467.5
0.9884884884985324,23.5434053056084,11141.5
0.9382623381497694,23.559505401055382,10751.3
0.7820320320321912,23.539693757125296,11123.8
0.8883328120011953,23.542301872275587,10178.4
1.483289523091088,23.596219637401777,11225.2
1.527482158509116,23.586238581345857,10987.5
1.239048811038174,23.561611955599847,10594.2
1.2217279618785284,23.53297284500724,10080.3
1.1759554638173029,23.528258175312484,10530.8
1.107565233726305,23.55223277227092,10497.7
1.133162211230129,23.50774434653424,10842.2
1.5513574377465176,23.5987274404309,10872.3
0.963764941508785,23.58889685255673,9927.4
1.232482482465258,23.539091884398307,10901.6
1.3199049168295147,23.93853475087736,10201.3
1.2768354509474875,23.95548749935424,9677.3
0.8702184937169761,23.88496807817524,11299.8
1.3194922143615742,23.869018450910005,9613.3
1.0387984981070844,23.924491053914256,10400.1
1.094981854586365,23.92383902512668,10423.6
1.2162246881087242,23.93040946906299,11144.2
1.5268130905464972,24.03648953719498,10974.7
1.0764801602390577,23.95533703117249,9759.9
1.4453760480525375,23.92900509936668,10461.0
1.2393590385461124,23.941142866027644,9961.5
1.2528973250646374,23.95744358571696,9664.5
1.0393838833083606,23.88351355241835,11260.2
1.2575075074776263,24.00408872205869,11959.4
1.020152709978959,23.903876913014845,10625.5
1.4572518606642717,23.907287525134457,10796.9
0.9443402126385791,23.92679823270105,9712.2
1.0445987364632143,24.00739902205713,11258.4
1.0011262670722374,23.9406914614824,9751.8
1.2829338506718957,23.96586980389482,10109.5
1.0824677762365835,23.97750600994996,10333.1
1.427676894193965,23.92714932512513,11344.4
1.5336463223501229,23.923136840278527,9926.7
1.0822646231086708,23.9160648357364,9910.3
1.2643174563190342,23.91445984179776,10274.5
1.540291778862084,24.01783148265829,11242.0
1.4635976982891492,23.92614620391348,11116.2
1.2891920645834745,23.910748293314647,9533.0
1.2571928946408375,23.9126040675562,9861.2
1.2079108774879046,23.940992397845896,10283.1
1.5956448282268525,23.913256096343773,12008.3
1.727375140824151,23.966421520561227,10520.6
1.5318244341342364,23.90482987816592,10276.4
1.2641592089731262,23.93186399481988,9833.8
1.414179337969685,23.96386356147152,11165.0
0.9452860899019696,23.99741796600121,11057.4
1.1880940470017975,23.94259739178454,11007.3
1.3636932315733787,24.03538610386217,10224.7
1.4572518606642717,24.04105373870799,10911.3
1.1195896922920667,23.94620862814648,9753.3
1.333500281728476,23.96617074025832,10983.3
1.0885885885825817,23.932716647849784,10820.1
1.2394366197071065,23.941544114512304,10019.1
1.3220551378360454,24.08378670232428,10144.6
1.1942724942362162,23.96872869934802,9895.5
1.2264564169718852,23.924290429671924,11214.1
1.5904821540620304,24.000026081151503,10923.3
1.550872365694303,23.93642819633289,9771.5
1.400787943212464,23.96296075238104,11317.4
1.577168606845774,23.989994869035,9540.5
1.432413836228875,23.94259739178454,11354.7
1.3277384605721494,23.97259071601288,11556.2
1.133304113704483,23.999223584182182,11109.4
1.1828024281958989,23.987888314490537,11800.4
1.382286715048835,23.954183441779097,10610.5
1.3715788814445773,24.03332970537829,10889.8
1.1457550713488729,23.9865842569154,11835.1
1.2575861853275967,23.992051267518885,11200.3
1.157769572585579,23.97168790692239,11773.2
1.2260728136892425,23.97865959934336,10865.2
1.4143563427052896,23.96742464177288,11498.5
1.295126071455627,24.03864624780003,9764.4
1.289918597368512,24.035887664467992,10234.8
1.2766756367603165,23.99190079933713,10736.2
1.144751657710373,23.9851297311585,11449.8
1.326658322900812,24.03664000537673,10257.0
1.8034942701513048,23.98758737812704,10160.9
1.2699405693008998,24.00298528872587,10526.2
1.1823584610657178,24.064978179605845,11143.6
1.6519617044970687,24.015875396295574,11468.7
1.0759414487863097,24.012314315994217,10222.4
1.2634475856649343,24.03363064174178,11241.8
1.766253288241515,24.02625770083615,11386.4
1.0573073073089745,24.01512305538684,11354.5
1.2891920645830055,24.004038565998105,11435.0
1.11458985599738,24.01943647659693,11098.0
1.1823584610657178,24.02194427962605,11271.7
1.3961933383306755,24.02580629629091,9803.3
1.6094689378801943,24.12285827351805,10091.9
1.2453066332858782,24.142218512902897,9719.2
1.721116535236277,24.06231990839497,11477.8
0.9954297877826406,24.033430017499448,9819.8
1.2892727500296104,24.049580269007016,10218.9
1.4531788286565188,24.055197747792256,9905.6
1.6633316658528656,24.042809200828376,10585.8
1.4073935072246542,24.04381232204003,10449.7
1.432593055977094,24.053943846277694,11261.1
1.2579797221235225,24.076413761418653,10768.8
1.6396520433041388,24.05926038869944,10482.7
1.1702860003723004,24.10600583716233,11015.2
1.420703467242987,24.049379644764684,10312.4
1.0458416833926378,24.02976862507693,10751.85
1.3445062847635685,24.05228869627847,11185.8
1.283415764130751,24.125516544728924,11302.0
1.2076085596251571,24.04185623567731,10036.1
1.7398923519653664,24.05183729173323,10767.2
1.6717801014598734,24.12265764927572,10567.9
1.4390289682713728,24.159622665925024,10257.7
1.328653797941442,24.12265764927572,11447.6
1.382978723417466,24.24689421133858,9838.9
0.981925073456253,24.16995481440502,9855.5
0.951367590923482,24.129980434120768,10761.9
0.8071580527962681,24.091059331108745,9825.6
0.7323485228103692,24.106858490192234,9957.5
0.913356271481362,24.150042858353768,11612.6
1.163227016913055,24.154556903806192,9821.1
0.7630245793807973,24.11152300382641,10254.0
0.912956478252312,24.052990881126625,10609.8
0.8627156789225268,24.082031240203893,11885.3
1.114520067603877,24.08935402504894,10478.0
1.0323468685622998,24.07676485384273,9852.1
1.0578367551340904,24.23591003407101,10366.0
0.9203227432949744,23.71458794037648,12011.9
0.8013021159556502,23.63478964798972,10905.3
0.7625953243981769,23.647679755559423,10238.9
0.9069301976554982,23.6804316631198,9452.6
1.389149615186966,23.669999202518635,10747.5
1.3011384961580603,23.695829573718623,10378.0
0.8196721311460493,23.636645422231272,10010.4
0.9501187648573648,23.6403068146538,10106.1
1.157769572585579,23.203949087586025,11138.7
1.1636636636551572,23.3493515072147,10846.9
0.7095761381504957,23.22310870272854,10249.9
0.9947447447606096,23.199384886073016,9915.8
0.9510699536730982,23.20485189667651,10881.4
0.73134141770322,23.15725379518372,10924.7
0.8134659908571678,23.221604020911062,10813.3
1.107288082552813,23.21914637394252,11672.5
0.8001000125188256,23.164877516392256,11251.9
0.8884439717099895,23.166382198209728,10060.0
0.7633587786445872,23.18534118910992,11238.4
0.7248640879676316,23.200538475466413,11098.2
0.9386146048432664,23.21969809060893,11475.3
1.0442721360579554,23.31835506177472,12472.2
1.1695540684549997,23.2223563618198,12984.9
0.8193132778773133,23.144564311856342,10485.4
0.7072666958419802,23.16011269063692,10750.3
0.7629768605566483,23.19983629061825,11138.6
0.6504471824247702,23.143460878523527,11197.6
0.9452269170637352,23.20981734667418,11545.6
0.7877461706841018,23.16442611184701,11593.7
0.8945327161223133,23.145015716401584,12704.1
0.8193132778770149,23.090947483093647,10779.1
0.7498125468706576,23.15895910124352,10526.1
1.0505252626270618,23.24833720120154,10334.7
1.1633725293882833,23.251998593624062,11133.6
0.901070020650991,23.1974287997103,9533.3
0.9945580784544176,23.17285233002488,10254.0
0.8821873240159874,23.19296491031845,10638.7
1.7759989994528382,23.135235284588,11800.0
1.0695521641001449,23.16813766033012,9756.3
1.063962949062045,23.185892905776324,11088.8
0.8197234215616618,23.169893122450503,10143.7
0.8006505285719498,23.15605004972973,10979.6
1.0508538187233825,23.141053387615568,10483.9
0.8014024543123526,23.14331041034178,11414.9
0.8568390768623573,23.216989663337475,11589.9
1.5581977471782693,23.22912742999844,11596.4
1.2446056663897167,23.1862439982004,10560.1
0.9064766191622766,23.15574911336624,11211.9
1.19501970842407,23.13047045883265,11700.2
0.8883883883783739,23.18905273759302,10509.8
0.769182665273803,23.22386104363728,10798.4
1.7401101652294528,23.220801523941745,10406.7
0.7316615596530767,23.147824455794204,9977.8
0.6189821182887556,23.074095046737924,10607.7
1.1576246792921268,23.137091058829547,9810.3
0.9254048646166666,23.120940807321983,10960.6
0.8197747183966015,23.127461095197702,10385.5
1.4448336252532954,23.19552286940816,9957.7
1.1138226644310834,23.208713913341363,10134.3
1.1904761904544756,23.14952976185401,9891.0
0.9202453987920052,23.10604445732898,10581.0
0.8635794743455847,23.098521048241604,10635.1
1.420081326219318,23.14978054215692,10859.7
0.7628337397798219,23.07539910431307,11237.0
0.926041797009958,23.112514589144123,10601.9
0.9256942706916932,23.144263375492844,11448.1
1.0203442879528382,23.165328920937498,9565.5
1.3276553106183826,23.20164190879923,11544.2
0.8757115156206936,23.20465127243418,10996.0
0.9446946947003738,23.066070077044724,10808.1
0.9003939223425164,23.07835831188744,10756.1
0.8691302444546523,23.11467129974917,10417.6
1.4943103663961068,23.19411849971185,10447.5
0.7135703555417479,23.094358095213256,10356.7
0.7632155145639388,23.14451415579576,9799.1
1.0887248154114673,23.11271521338645,10428.4
0.77577577576983,23.10102885127073,9524.4
0.8761499467837552,23.15389333912469,10751.5
1.570811690349032,23.17360467093361,10787.4
0.9074978094951688,23.13383091489169,10914.6
0.7257711318117259,23.127862343682366,9738.4
1.0195784074589938,23.0836246982486,10761.2
0.8760402978682862,23.06150587553172,10436.9
0.869130244490421,23.098922296726265,9713.1
1.689189189196199,23.16527876487692,10435.5
0.9825395831713876,23.23810536484271,11472.1
0.8757115155846122,23.098119799756944,10376.5
1.0191321745683553,23.101329787634224,11228.95
1.1577695725495687,23.13548606489091,9455.0
1.163736469990937,23.15524755276041,10474.2
0.7753392109351012,23.153391778518863,9915.1
0.901013640346804,23.12244548913946,10373.5
0.912956478215918,23.10464008763267,10786.6
0.6691682301481165,23.12926671337868,10568.1
1.1517996870269798,23.21929684212427,10098.9
0.7947931660057463,23.145266496704497,10530.8
0.8752188047156153,23.10920428914568,10755.2
0.9511889862445172,23.09801948763577,11357.4
0.8943089430849369,23.15690270275964,9640.3
1.16918844566419,23.19582380577166,10996.1
0.8507976227627267,23.13448294367926,10566.9
0.6313683815774738,23.171498116389145,10184.0
0.925173470014144,23.190005702744088,9811.9
0.756439109790449,23.17972371032468,9743.4
1.2834157640947836,23.13869605276819,10207.1
0.7502344482723089,23.150282102762745,9969.5
0.7254987803957107,23.13714121489013,11467.8
1.2512512512510483,23.09601324521248,9514.6
0.8067037708581353,23.11607566944548,10164.3
1.2830141444775336,23.178971369415937,10678.2
0.9751218902345896,23.20505252091884,10647.8
0.7443082311748128,23.14677117852197,10413.2
1.0385385385227297,23.1421066648878,9625.0
0.8757115156210205,23.11361802247694,9905.8
1.4193709747773084,23.19301506637904,10926.8
0.7003939716059762,23.1765137224474,10029.2
0.9638855855163228,23.12946733762101,11253.9
0.8256192144151555,23.115774733081984,10385.9
1.232868139415686,23.17039468305633,10193.4
0.8694020515473682,23.14993101033867,11254.5
0.7879924953152795,23.16939156184468,10878.3
1.1566837563945,23.134683567921588,10439.9
0.9067033516828786,23.11908503308043,10891.4
0.7503282686248269,23.180275426991084,9606.4
1.1392801251999884,23.1977297360738,11302.5
0.7630245793810673,23.16738531942138,10331.4
0.6761409879271412,23.161517060333228,10691.3
1.0948448448450705,23.08999451794258,10391.9
0.7818363772829429,23.07570004067657,10458.6
0.8321862094955321,23.15735410730488,9916.8
1.4886164623137574,23.204400492131267,9841.9
0.8760951189132555,23.18850102092661,11829.4
0.7196045303941503,23.11136099975073,11202.1
0.988241180859788,23.118182223989944,10133.1
1.0006879730031812,23.12711000277363,9758.1
0.8818562761741049,23.11527317247616,10549.1
1.5960443136934686,23.136238405799645,10297.7
0.7504690431591428,23.13352997852819,11675.1
1.0378892084735298,23.153441934579444,9974.8
1.0942287250672678,23.10022635430141,9857.1
0.8509040855821155,23.17300279820662,10144.5
0.8075622887060945,23.140050266403914,11531.6
1.89635749156804,23.160012378515752,10155.4
0.9443402126389202,23.18283338608079,9561.5
0.93814497467001,23.117780975505283,10142.4
1.1134742899849217,23.108953508842763,10491.6
0.6568247216242042,23.143862127008187,11229.5
1.0955302366346018,23.12309751792703,10884.8
1.545585382660292,23.212375305763885,9980.8
1.0888610763396829,23.13031999065091,9936.1
0.7634065452553216,23.11692832247538,10455.4
1.1565391348053708,23.07499785582841,10253.7
0.7817874788916725,23.15163631639848,9433.7
1.0452525505310746,23.155448177002743,10208.1
1.464238783571517,23.14922882549052,10623.8
0.9009572670976524,23.17982402244584,10306.1
0.9456412825710032,23.145416964886245,10282.8
1.0070682429386864,23.11156162399305,11036.3
0.8633633633661333,23.116175981566645,9839.0
1.2189785584872084,23.12229502095771,10512.0
0.7322110269989537,23.11542364065791,11068.5
1.0879759894896353,23.08377516643035,10258.4
0.6756756756496003,23.092753101274617,10950.7
0.8131606930922715,23.109354757327424,9614.6
1.1948701907880237,23.17902152547652,10850.1
0.8637956935431816,23.20324690273787,9768.9
0.7381458776386296,23.15494661639692,11167.2
1.2700200200372933,23.103787434602765,9970.3
0.7567702795438436,23.1083014800552,9498.3
0.8383907902305481,23.130219678529745,10418.9
1.7083854818407789,23.19266397395496,11238.9
0.8130081300741949,23.15961113003109,11333.3
0.7876476839464175,23.101731036118885,9893.1
1.251642781150423,23.121793460351885,10644.3
0.7875984498121369,23.13052061489324,10240.2
0.906646657919822,23.12410063913868,10024.1
1.214245477875764,23.237603804236883,10855.9
0.9064199537487668,23.17039468305633,12263.8
0.8946446446401382,23.16768625578488,9898.0
1.2145495523712242,23.2074600118268,10918.2
0.7941967356391899,23.12670875428897,9887.5
0.7385616824142858,23.113367242174025,10181.5
1.1394941147048885,23.219346998184854,10769.4
0.8129572885037248,23.21031890728,9748.7
0.6381381381135043,23.146269617916147,10245.3
0.9445174204099374,23.137843399738287,10465.6
1.000375140663181,23.100426978543737,11379.3
0.9949314811498908,23.13754246337479,10376.1
1.1204306459557785,23.16482736033167,9611.8
1.09457092819612,23.14160510428197,9730.5
0.8756019763371512,23.13162404822605,10528.1
0.8824633871775944,23.12766171944004,9957.9
0.9071004066022113,23.12430126338101,9813.0
1.3013827191491458,23.254255616350274,10591.0
0.881525476731781,23.174256699721184,10851.9
0.813262433523974,23.099323545210925,11833.2
0.9379103357719458,23.13167420428664,10825.3
0.8510638297785533,23.14471478003809,10703.6
1.5576129112916988,23.179071681537103,10334.8
1.269067266834,23.23253804211805,10723.7
0.868912921145224,23.126407817925475,9732.8
0.8315618356985652,23.116175981566645,9376.2
0.8189547386831038,23.14255806943304,11248.9
0.781738586616811,23.167736411845457,9646.0
1.15740740742865,23.20891453758369,10269.2
0.8443304771887483,23.18213120123264,9742.6
0.9446946947007148,23.161868152757304,10713.1
0.8692389468801167,23.124602199744505,11564.4
0.7318446237827771,23.150231946702164,10555.7
1.0885885885829794,23.251998593624062,10749.6
1.455886028502718,23.120238622473828,10642.1
0.7753392108989772,23.13689043458722,11769.6
1.0883162371720232,23.104188683087425,10239.4
0.8383907902305481,23.112113340659462,10531.6
0.98811757345743,23.10955538156976,9628.9
1.1267605633734092,23.2378545845398,10982.1
0.9508914607558978,23.17004359063225,9951.2
0.8319779807431047,23.147473363370125,10196.7
0.9443992745069636,23.14331041034178,10845.5
0.9997500624703264,23.14215682094838,10622.0
1.0255768870074604,23.14391228306877,10232.5
1.132594956509422,23.15158616033789,11414.7
1.1072188164757506,23.15615036185089,10150.7
1.6218924165372357,23.158307072455948,10385.5
0.8131098323669761,23.13889667701052,10502.3
1.0193871169508526,23.07143677552705,11028.1
0.8753829800683661,23.098521048241604,10305.1
1.069284642333983,23.19722817546797,10737.3
1.2067025134381597,23.20068894364816,11263.6
1.013133208252469,23.16402486336236,10603.1
1.183394903234742,23.13403153913401,10199.6
1.1621368322672223,23.12565547701674,10279.4
0.8756019763371512,23.127561407318872,10031.3
1.0887248154114673,23.19095866789516,10815.6
1.112847764943922,23.09154935582064,10648.9
0.8884995619970226,23.148827577005854,10563.0
0.957087451537646,23.121843616412463,10720.6
0.851010575049159,23.13603778155732,10099.6
0.9508319779921236,23.16603110578565,10203.7
1.1453248216037224,23.19346647092428,9906.3
1.1122914453712551,23.10403821490568,10828.1
0.9125000000130968,23.159009257304103,10607.3
0.8698917328721762,23.13684027852664,10075.8
1.2012012012267943,23.105492740662573,9639.2
0.8256192144151555,23.185090408807003,12061.9
1.2006753798911944,23.1762127860839,11381.6
1.1440360090122963,23.129818430045084,10297.1
0.8189547386834022,23.14150479216081,11297.5
0.9699624530591252,23.13814433610178,11304.0
1.0435543335520947,23.139047145192265,10446.0
0.9375585974123908,23.157454419426045,10174.1
1.3570133199825278,23.193566783045444,10270.1
0.8941411867648839,23.191560540622145,10877.9
0.8190571464645444,23.146319773976728,11312.7
0.8818562761741049,23.11136099975073,10247.3
0.9939363630478651,23.133229042164697,10371.3
1.0267968945740478,23.16537907699808,10895.9
1.2191309784379456,23.2086136012202,11861.7
1.39357580301332,23.16833828457245,10152.4
0.7825215975961441,23.10203197248238,10808.3
0.9500000000113004,23.09586277703073,9625.9
0.8879439719758864,23.13247670125596,10512.8
1.671361502337831,23.21342858303612,10011.0
1.1375000000043656,23.152288345186047,10946.1
0.8198260216520765,23.180325583051665,10873.3
1.0197697697364705,23.12535454065324,10890.7
0.9131848886795808,23.130019054287416,10759.3
1.375945962856619,23.281339889064824,10763.3
1.225536172087999,23.17290248608545,10161.4
0.9694771078235648,23.163122054271867,10601.6
1.019387116951222,23.12821343610645,10735.3
0.9811273590843684,23.13373060277052,10656.8
1.0447947947848064,23.152238189125462,11217.7
1.3328327388803558,23.25149703301824,10196.8
1.2963426853746969,23.099875261877333,11677.6
0.7201001878305675,23.08096642703773,10487.5
0.8066028887868697,23.09260263309287,9788.8
0.9320655573569496,23.10268400126996,11573.1
0.9070436632126616,23.098571204302186,10578.6
1.2957746478557368,23.197127863346804,10495.8
1.4377695818248952,23.07494769976783,11134.2
0.9946825148377912,23.107348514904125,10294.1
0.8252063015796551,23.12565547701674,10330.7
1.013386713371375,23.13874620882877,10816.9
0.8882772425771464,23.13684027852664,10293.8
0.988426649994338,23.221604020911062,11032.3
1.281490279420339,23.160714563363907,10080.7
1.051051051046514,23.108803040661016,10336.4
0.794445139508781,23.17846980881012,10482.5
1.012879829933297,23.11948628156509,10102.2
0.8377618005786331,23.14356119064469,10242.1
1.156973108177894,23.23133429666407,11491.0
1.2332540378304628,23.161065655787983,9423.1
0.976159189035542,23.114370363385675,10916.9
1.1268311005311489,23.13719137095072,9879.9
1.063630106995845,23.081267363401224,10576.2
0.7881896659636141,23.121191587624896,9735.8
0.90761141709649,23.22220589363805,10348.6
0.9508319779924648,23.161065655787983,10643.0
0.919152129075087,23.165629857300992,10473.3
0.8700550825965081,23.12951749368159,11489.4
1.1013078030219248,23.1309218633779,10414.1
0.8007507038021089,23.139949954282752,9737.0
1.2643174563190342,23.23118382848232,10839.8
1.0510510510468976,23.100928539149564,10005.6
0.9314828707477858,23.12124174368548,9424.3
0.8071075517608648,23.16377408305944,10710.8
1.4636892474932637,23.141755572463723,9624.1
0.7882882882942823,23.10243322096704,10103.9
1.094434021263126,23.18980507850176,10634.0
1.268670708098128,23.177918092143702,11039.45
0.8633633633661333,23.14717242700663,11653.4
1.0511825803985315,23.18604337395807,10070.1
1.1889118327800503,23.118132067929363,11180.6
0.951248513685627,23.2435723754462,11135.1
1.1260556771902517,23.16477720427109,10581.7
0.9823551495475584,23.144965560341,9671.7
0.7194244604460636,23.162620493666044,10552.1
1.1506472390517786,23.103636966421018,10223.7
1.1008256192202026,23.12284673762412,9925.6
1.1254220332642717,21.538850441424152,10646.8
1.1289513296555924,21.517935332690666,11066.4
1.6029052657927991,21.68746307254484,10700.2
1.422484020556496,21.56448022694649,11215.4
1.603306820315467,21.52094470085376,10562.8
1.4313394587167352,21.62185884658944,9732.3
1.3640077943291828,21.491904298079923,10107.8
1.5350877193009185,21.235556286720563,10716.7
1.0639629490531348,21.22502349814974,10403.2
1.1761761761745646,21.19151919926732,10053.85
1.246242484968718,21.27232073444633,9684.8
1.6080590664495702,21.234653476271635,10575.8
1.0267968945651234,21.0022800979449,10887.7
1.0824677762502404,20.94866318850582,9924.1
1.5580027530970997,22.59646539323453,9627.1
1.1332331580273518,22.643762676976102,9911.8
0.8762047815744438,22.46766430665091,10747.7
1.4695766368584486,22.49494927203311,11051.6
0.8754924645110549,22.4709244587646,11189.4
1.1515834272125147,22.557293411683982,11513.7
0.86330935251749,22.432404507636782,10126.9
1.137926722520774,22.52760094935629,11364.2
0.9502375593901178,22.402762201495456,10127.8
0.9132991367452375,22.514760965647024,10253.6
1.376807059264607,22.54987029610206,10699.5
1.2693053210772547,22.928850440271,10797.5
0.6069707777993614,22.96501305063969,10099.7
1.2129548580709724,22.96982804453067,11321.8
1.3772380117695633,22.90954030852073,10121.1
1.349578256794672,22.85828068605638,10290.8
1.35548753825978,22.876788318824826,10672.3
1.133659025428713,22.84453789099255,9838.8
0.8642825828277267,23.01737610920406,10229.1
1.3943600325139442,23.061312928459223,10311.1
0.8641743377800708,23.11748785718728,11022.4
0.8322903629525058,23.17341200498352,10020.8
0.9200726043672488,23.30617543028992,10591.4
1.33433565119401,23.247593004616377,10899.6
1.239747041512473,23.17381325447443,10198.8
0.9952428642965288,23.241423793693563,10754.8
0.7448206797285479,23.3491091258178,9781.9
0.7512207336904595,23.29147966768517,10277.2
1.0023806540547326,23.798358087083177,10480.8
1.6029052657927991,23.69513665554537,9789.0
0.9893550407024064,23.781405296092032,10452.6
1.5081351689611182,23.6772308970133,10103.9
1.2702584318893742,23.74092925369601,9948.5
1.1968168431605335,23.745042060977884,9905.9
1.401839914887006,23.663086852458555,10943.3
