cpu_usage,memory_usage,disk_usage,anomaly,ai_prediction
0.2050554339644771,1.1288621734656747,-0.6549557179419572,0,0
-0.2681230501817607,0.693565779948192,-0.2661543165814049,0,0
0.3175597720424081,-0.0995995208050798,-0.7408558239736319,0,0
0.9698538386820982,-0.7474866857803139,-0.3859049289925234,0,0
-0.339578461260259,0.4859586575690205,-1.5476744643253637,0,0
-0.3395662269278387,0.206529033618806,-0.0039938790647027,0,0
1.011720719749295,0.6665703300490015,-0.1593857746528627,0,0
0.4067932268016397,0.4281435363168544,-0.7589299885931156,0,0
-0.5149369141958664,0.8081103607842776,0.3227442898252482,0,0
0.2392192530099874,-0.6450618684700787,0.5266658673999214,0,0
-0.5104235376367693,1.053707645772445,-1.3380890592591117,0,0
-0.5121464581507192,0.0269114508283291,-0.7190989144610515,0,0
0.015217324810286,1.748634063820785,-0.7238009130003475,0,0
-1.5908440778673894,-0.7862288023132209,-0.8489131674066934,0,0
-1.4504786212731984,1.4375154147928348,0.4474670700742356,0,0
-0.5841001781918663,0.0271967863862222,-0.3022807006595513,0,0
-0.9198399691583116,-0.7515957485346052,-0.354072595852787,0,0
0.0690833030634754,-0.5979770263180536,-1.628450274133525,0,0
-0.8417389906669753,-0.4480202780603677,0.3052863581154794,0,0
-1.2175222434007589,0.2346615922016443,-1.0682435192527824,0,0
0.9270941264167885,0.3251366869087771,-0.1163578148432522,0,0
-0.3333359639552855,-0.6803321826488391,0.0429583472877369,0,0
-0.1147688925254217,-0.1766095816760725,0.8366525031493662,0,0
-1.22679572733056,1.8100784517295485,-1.119209909991536,0,0
-0.5707577280684826,1.4297941103112817,-2.3725922043353807,0,0
-0.0824319066168543,0.2458096237649467,-0.0255669017639487,0,0
-1.0227970090076994,-0.1194303120207425,1.1589218078579089,0,0
0.1148756321442459,-0.0442148276542568,0.7474768993872479,0,0
-0.6126790125684609,0.408288045020065,-0.0066566366016187,0,0
-0.3824568727614122,-1.092127872985989,-0.5204788876495712,0,0
-0.6134748157280537,-0.390279192463331,0.4310901229233981,0,0
1.2152058246783293,-1.6842867797921866,-0.8735626484960836,0,0
-0.1751480906233954,0.2117902551314414,0.1887467688494072,0,0
-0.9532838752820656,0.4391690768047274,0.2100767096709806,0,0
0.4478606876858224,-0.5973357369726611,0.6165210476439277,0,0
-1.0748484624521544,1.2889904720347822,1.8616668762175212,0,0
-0.0094474201103551,-1.2782441753704403,0.1272446494919237,0,0
-1.6254132708618914,-1.4970370385724487,-0.5331742820780511,0,0
-1.1548387570433156,0.0515336042562509,-0.1790066744644468,0,0
-0.0183914371310423,0.8058597855970814,-1.456427938631972,0,0
3.2859599804140034,3.04519711790687,2.526234775129672,1,1
-0.0373884874593436,-0.5750518207949076,-0.4601402973636625,0,0
-0.2512698586842387,0.8348194059585909,-0.5442558352808169,0,0
-0.3894690538178371,-0.1895879878035948,-0.0486422834034072,0,0
-1.2668673344358985,-0.3125683289015711,-0.7628361035589557,0,0
-0.7015095644758017,0.6559948797843029,0.6610829409220679,0,0
-0.5083527177197334,0.4438702262955079,-0.1601172857320084,0,0
0.6226649462827416,-1.599751346931535,-0.1670831165442603,0,0
0.0909701951413993,1.1996369253361836,-0.4005094908019134,0,0
-1.4788869283887225,1.111197961650985,-0.0465645529660319,0,0
0.0764134492428249,-0.7278877139385684,0.4442604582277834,0,0
-0.4520489086262383,0.2086546608163139,-0.7955942420603861,0,0
-0.669524439270578,0.2987236483864459,-0.6424549618752536,0,0
0.2907238669763052,0.0847473402777618,-0.3828016803986239,0,0
0.6031986143654658,-0.6588802609839137,-1.1463559291616543,0,0
0.528888886499262,-0.7701230693319272,-0.7605193297329128,0,0
2.161866306999581,2.120852405373996,2.715994624947744,1,1
-0.3955115470859033,0.9210569457196192,0.4803747150486767,0,0
0.081763499985364,0.344176860222423,0.0321033105033725,0,0
0.5618746504273383,-0.4941126554238305,-0.0184303717570733,0,0
1.293791946558803,1.679971753140702,4.080623039987717,1,1
2.136978443466781,-0.8654683744624833,2.947330136229195,1,1
-0.9895179424040792,0.8990837662568675,0.1258151132790999,0,0
-1.0564892402015689,-1.74950920487715,-0.23589706809848,0,0
0.440394579741846,-0.486618059990657,0.0341555501069268,0,0
0.8455640184729436,-1.180959597648278,-0.5872421093396079,0,0
-0.2187512139239194,-1.3414365707064388,-1.947131085764562,0,0
0.5827308083964683,0.9101431871390356,-0.2586520774181985,0,0
0.1043967999429118,-0.5831365177281854,0.882144001031774,0,0
-0.6458257793962949,0.1634493159515758,0.5183465286103802,0,0
0.1042176421268031,-0.1973014764861591,0.5470542885443905,0,0
0.9810366627141084,0.28314524552287,0.7454139548527018,0,0
-0.1917872607680547,-0.0838357453019502,-0.0953117339231051,0,0
1.0008639531084862,-1.330718104582708,-0.0157005715063058,0,0
-2.117293391362615,0.7592498269683349,-0.6128075370726004,0,0
0.4473819729941349,-0.6070280155645804,-0.3918479007982527,0,0
-0.1002236647210301,-1.581586318814371,0.2908915660766932,0,0
-0.387906882060332,-0.5468380745603518,0.7217878854193541,0,0
-0.0967110646758679,1.2218449560380995,-0.2624378959572458,0,0
-1.6462031219442064,0.6253337067096497,-0.49011173561414,0,0
3.213894505764944,1.0011144241145302,2.0907930934328114,1,1
0.1010259755108083,-0.4745296829288219,0.2802205833753348,0,0
0.9362191620967832,-0.4492010747889338,-1.2181463471082086,0,0
-0.5512989951871134,1.749997671074945,-1.842625003150036,0,0
-0.7675700517773467,0.1959383155315097,-0.5636339732559816,0,0
-0.5389935714103387,0.2400493195242616,-1.054655338326018,0,0
0.5170567863848082,0.7904414002209795,-0.5325709763409044,0,0
0.0798913473373073,0.0646802370983888,-0.2685440469143834,0,0
-0.5598611973891162,-0.391806473070913,-0.4923530962365369,0,0
0.2173907438238576,-0.3343207344056203,0.903918682280216,0,0
2.92511639348755,2.258531285774896,2.4808667954222368,1,1
0.5567327497056653,-0.1884085756999472,0.0598812670545481,0,0
-0.6882518349526257,0.512922717625426,0.295607062738057,0,0
-0.4092600994929928,-0.106645813068904,-0.994664358252915,0,0
-0.4572845064320998,0.5175171293613235,0.6010629675737599,0,0
-1.255684262869218,-0.2282907398528341,-0.2157796494608065,0,0
0.05557523424389,-0.082173039474114,0.3309758639002705,0,0
0.0294452045576389,-1.9865289263783967,-0.9455927544686352,0,0
-0.161279629502392,0.6859495807947121,-1.298670301421753,0,0
3.381516091764479,1.3049385751725668,2.6030429221592795,1,1
-1.2198077661091868,0.7608483381457735,0.1155171189370453,0,0
-0.4785500699798398,-2.8100007102339504,-0.8211802585843887,0,0
-0.4204769487244904,1.7606587999915977,-0.7974500111310998,0,0
-0.7629377129565794,-0.2822744161679977,0.6643097305301748,0,0
2.743291260184541,3.179797913091264,2.624227114186065,1,1
0.1360038342738995,-1.1078199803524542,1.0432775721911005,0,0
1.2404734568066942,0.4076057717308368,-0.8201319317403277,0,0
-0.0349967821863287,-1.1202076491373367,0.3074652590331529,0,0
0.0268334080721498,-0.7262429422358233,-0.4010397716127608,0,0
-0.220566339134788,1.6007945609939678,0.2816717810746595,0,0
-1.594935884679733,-0.3291239643065801,-0.5589281090051268,0,0
-0.184847945810067,0.0450975781279395,-0.279543404913143,0,0
-0.1202072724718569,0.6435314977014374,-0.1302885113557985,0,0
1.6704889660254023,0.3002381772303469,-0.8945474010758806,0,0
-0.3084352483606392,-0.0163509195988144,0.3825150047607932,0,0
0.0596194195236437,0.1803735837541723,-0.5362881104371624,0,0
-0.1909569202984254,2.0495357221309987,-0.3277586020325314,0,0
-1.035975260984523,-0.2071112139663581,-0.8888046294015964,0,0
0.6865280178457056,0.0301202662659216,-2.0376286252559344,0,0
1.9993275272945112,2.3533479509992747,1.7993277612896434,1,1
0.4243775963464314,0.8594350358874198,1.6073957154635157,0,0
-0.8427549648842347,0.9341705186732993,0.4145915051204991,0,0
0.8802557227583758,0.4314064319642022,-0.1743806095295818,0,0
-1.2097330599591274,-1.202356656335578,-0.3528827216355866,0,0
0.2722288944151329,1.3434983882273206,-0.1438087832413032,0,0
4.585683153983265,0.8833506443440533,4.014765386387917,1,1
-0.9032261496981888,0.1232241454376996,-1.025421862869088,0,0
-0.5870885323884854,-0.8459113117852656,0.6561674396303696,0,0
-0.0908310907877302,-0.2130893188006311,0.3638735147524028,0,0
-0.5402742597878005,0.1471812632065463,0.3659282380306186,0,0
-1.3206262885060664,0.1403910653949794,0.1609915252909138,0,0
-0.1139977939901897,0.232602861913162,-0.1458963485992384,0,0
-0.9567063645354588,1.3254158811540044,0.3327200854109956,0,0
0.1878253980905246,0.2615909228356511,0.2733388423908606,0,0
-0.8502342550072376,-0.3781571953639989,-0.419666025785974,0,0
0.9899027922234906,0.7297426767573276,-0.5805330823464234,0,0
-0.7487612688807744,0.9364080462560668,-0.0856413639024508,0,0
-0.4050865755226315,-1.279933337862615,0.974660439336628,0,0
0.4411333556303722,0.3935087244166076,-1.0681326513510732,0,0
-1.0823157453746444,0.4886631379618844,-1.2354891105460155,0,0
0.004410353683923,-0.4271286547078471,-0.0395527311319114,0,0
0.8089773064822079,1.107177554331751,-0.1229848141718443,0,0
1.725348324348871,1.5556032764990635,2.640480038926712,1,1
-0.0275031350716752,-0.0391302203898467,0.0184695848763206,0,0
0.0285714877777206,-0.3129759357615121,-0.3238038671527457,0,0
0.4175151016492834,-0.1399924069438393,0.9313177528232164,0,0
-1.086851255009686,-1.1595077148274124,-1.3332124533491914,0,0
-1.1490788722822545,-1.4747331345359496,-0.767288641535456,0,0
0.22385460545928,1.3078047393264738,-0.2359212516842431,0,0
0.0562193721135618,-0.9308993344084792,-1.364193523077175,0,0
2.4665318970826844,-0.1513900721945463,2.988182509159164,1,1
0.09307901822541,-2.128829965385357,1.0570498331511444,0,0
0.9416390683037386,0.2268666177642436,4.109340928003473,1,1
0.0079826092227974,-1.367485594453905,0.0087599523109475,0,0
0.0533040466840249,1.351369150860546,-1.0835611089321102,0,0
-0.6974164016242039,0.7716747549836556,-0.611862028306647,0,0
1.2252631287285929,-0.7852774909115349,-0.4351662708334271,0,0
0.188004608619302,1.9110947234335924,-0.3930511306875345,0,0
-1.0528354876554191,0.7459528215746398,0.778760277989824,0,0
0.32416591845429,-0.4521319535786551,0.2483376957029069,0,0
-0.89141144712927,-2.446109176140104,-0.9746072428947942,0,0
0.4214360824933584,1.9464035264928408,0.0203390659433944,0,0
0.6982816966424311,-1.428446921208756,0.2047659752501716,0,0
-0.7766529393404836,-1.6630269805244862,0.6750905070782054,0,0
0.552806456173531,0.7833689401042764,0.9977547696940416,0,0
0.1425093799653961,2.0828547917855187,-0.904003853049152,0,0
0.4474994561094281,1.1150321578781033,-0.7543645984384187,0,0
1.2483777292832687,0.3627991781412943,-1.0816657455575234,0,0
-0.3479504584727787,0.3910827223889765,-0.3317296631703657,0,0
-0.7267654518867669,0.628262278796063,0.1814204551022926,0,0
-0.8279458200021813,0.541622396551277,0.5631270189991586,0,0
-0.773022357299091,0.1035610190802182,-0.2159164672029701,0,0
-0.2225454053601984,-0.0587303598064426,-0.3946135077825767,0,0
0.0891323263633237,-0.2116724296034146,-0.0490796027225757,0,0
0.0410966156992212,-0.8456259006867515,-0.7721579140629413,0,0
0.4513171218756477,-0.411642802020879,1.370685265549864,0,0
-0.1554012602405556,-1.7066353784784345,-1.3381631787479396,0,0
0.9180664004409816,-0.244450202961321,-0.0249140626929122,0,0
-0.362309280181902,-1.0607668257495508,1.3223781226131894,0,0
1.8619479882906225,-1.1662145026568396,-0.155286916238982,0,0
0.3011498397155668,0.0106764247073462,-0.2995059817219007,0,0
-0.8038338582245587,1.1221196979917616,-0.4221605754660861,0,0
-0.9631066257183842,0.6877733325294318,-0.2924376003552513,0,0
0.1944426582957818,-1.5943490835836962,0.8455837312597135,0,0
-0.3316119596373886,-1.0617177304905958,-1.7808464894792777,0,0
0.3669746625951642,0.7083630747958751,0.9632406258989392,0,0
0.1875610007817571,-1.055170021933266,-1.2035678122775613,0,0
-0.2193613674147611,-0.3602551239475374,-0.3556386813311171,0,0
-0.7961108476450898,0.3500929744933092,-0.4747659567984312,0,0
-1.2939364722906403,-1.042201645929452,0.2709496865718329,0,0
-0.4978278138115524,-0.057653491018214,-1.33117588846682,0,0
0.4730882029911796,-1.3775130924384835,0.1783536882621163,0,0
-0.0055499744273749,-0.7057020415639832,1.3228934896789557,0,0
-1.0934000199147502,0.138946610265786,-1.1590334763748993,0,0
-0.0360377259532825,-1.6149741723906152,-0.021275896464788,0,0
0.1220438672359414,0.2496159482915119,-0.6452872580968285,0,0
-0.8237302949623203,-0.1722845152313559,0.1517682132408497,0,0
-0.0505359743743772,0.3523283674410793,-0.146239885789154,0,0
-0.121713664184884,0.0510405741394549,-0.6302708725491022,0,0
-1.016818155315789,1.0965717522718772,0.1971831746587699,0,0
0.1015288202241822,-0.0394529419062682,1.1617330319997383,0,0
0.2527999234728407,-0.5480212894125915,-0.300139567968397,0,0
0.6419869450970328,-0.042136855939382,0.3670801628244109,0,0
0.620190791487182,0.3438998260128288,-1.1078186774645842,0,0
-1.1917131450614875,-0.1094753534044903,-0.8610266968956652,0,0
-0.8639463192229709,-0.1170570485429896,0.1858516070339219,0,0
0.218708113022652,-0.7979693182424652,0.9271067650827394,0,0
0.2177771371958658,-0.7621250132774855,0.1002802649973452,0,0
0.2187173675881227,-1.4403973595144226,-0.3896390113871046,0,0
2.7059201265142443,1.449997808217531,-0.1607881672008569,0,1
0.2603307842637541,-1.2948387551034588,-1.0764123691856775,0,0
0.681120056791077,-0.7896374558391733,0.2826446976842289,0,0
0.5458207889485567,-0.8130215920053722,0.4861950041335947,0,0
0.3203189904223075,0.6663238142243666,-0.491504601943935,0,0
-0.4000250545497179,-0.4247319062619069,-0.5046574606585253,0,0
0.4004848292037192,0.9898402095270008,0.0345335230362116,0,0
-0.7409903878172825,-0.7718352511087374,-0.4802429390536296,0,0
-0.3415645608471669,0.1015462386197452,-0.208722757423317,0,0
-0.5267773309689191,-0.9202495996678132,1.3781461517213136,0,0
-0.1040784705283642,1.812718140819178,-0.3412587274038953,0,0
1.5597662532889287,-1.243246698378244,-0.4228161218242485,0,0
-1.5565542016659073,0.1298126600899402,-0.634707148196848,0,0
0.3463029141659349,0.4268644629081402,0.3849823825837523,0,0
-1.366867037876102,0.2251557039095232,-0.2930475466221196,0,0
-0.5167681993122413,-0.3241772525357257,-0.6360488479021266,0,0
0.6463830742355838,-0.2733167914591788,0.8078183704182266,0,0
-0.1171894022682999,-0.1141046686519726,0.8798396395194152,0,0
-0.968212864173597,-0.2890711964195291,-0.600184758411837,0,0
-0.6981260378636901,0.7295519038170464,-1.5278374779039745,0,0
0.3413381410772566,1.872662753180073,0.5779118090492837,0,0
-0.7093507507152028,-0.66547004668961,-0.6618806396073483,0,0
-0.0037877193796038,-1.410319278212572,0.4190031736156561,0,0
-0.1311305176128177,-0.2352279004439054,-1.6037162070262103,0,0
-0.6506550411645305,2.2111883829424723,0.4937153898033422,0,0
1.432551830372108,-0.8912074955008863,-1.0476652481986315,0,0
0.3072988906494073,1.348711502806858,0.3751441212925714,0,0
-1.6742025809345056,1.3840911324007443,-0.1498114670824248,0,0
-0.0261465524710168,-0.6618906903462122,-0.8591972368486348,0,0
-0.6582456160046287,0.3674517479768313,-0.4584946160020796,0,0
0.4701331891388396,1.338881625276088,0.3425798643300857,0,0
-0.7556672608352225,-0.5019190307639876,-0.0826827037375216,0,0
-0.2505903655422264,-0.3409507557703499,0.2679161971781188,0,0
0.2112204702416669,-0.6876502828148582,1.2878210077965542,0,0
0.4800604822352117,-1.084759409771278,-1.3063508278152214,0,0
-1.0595368984266642,-0.7496330537994245,1.0246233714985244,0,0
-0.4143565084494124,-1.276570377205724,-0.0838099367384752,0,0
-0.5190137834002729,-0.123024767431151,-0.8187862362866183,0,0
-0.6519433859311657,-0.8603050346370174,-1.1349574750266385,0,0
1.1505056414725452,0.0600925065788718,-0.2988329134141669,0,0
0.1366974958478669,-1.580957059217814,0.5150016512941604,0,0
-1.1046860268591507,0.1491232012635817,-0.2537211392697809,0,0
0.5188898223196552,0.6100272517279823,0.946917511542926,0,0
1.4163157489911495,-1.9824347035050247,-1.2235101735906933,0,1
0.6042908651442834,0.1887137696577259,-0.1691262755920254,0,0
-1.2973067659491924,0.97143418673485,-1.0778672509910656,0,0
-0.5259356594960003,-1.2634586732082178,0.1061552499567413,0,0
0.7789971870173448,1.3793886180032773,0.4895318494606803,0,0
-0.6924370891915794,0.2299421052347194,-0.468550942334025,0,0
0.1656389064175996,-0.8007386630365461,-2.0683132288616903,0,0
0.4121580786726903,-0.2054151126878526,-0.0145045228194955,0,0
-0.8558278148907484,0.3576805696360998,0.1597187305195787,0,0
-0.2094477133341434,-0.0845844351381849,0.135947948743274,0,0
-2.5804444597914533,0.3397350028684047,0.7451585953998012,0,0
-0.9284517528380608,-0.998489820949874,-0.9450040104187348,0,0
-0.3533009364924903,0.0010178841612974,0.3381088196185913,0,0
2.630584843330532,0.1057663087112639,4.089789658455855,1,1
1.0513636083318163,-0.2562664267665923,-1.46339691486543,0,0
-1.2308146704597798,-0.9831162716754976,0.0739321307632454,0,0
-0.4930060990346988,-0.8287222408522942,-0.5296693119084984,0,0
-0.0676637751025003,0.979158746090804,-0.2199986794162439,0,0
0.9089298051987024,0.846399838311229,0.0944651166314174,0,0
-1.2350777234531367,0.4042719372937075,-0.5172495304320561,0,0
0.7016858456037703,-1.1558744611159149,-0.6553438926000399,0,0
-0.1574645604671501,-0.444408539423684,-0.1352463504979996,0,0
-0.8964988330314588,0.958073031442312,-0.9568676854054394,0,0
0.1792639627777583,-0.0243302158679619,-0.9558266924488792,0,0
-0.0167531707875032,1.9724329730740595,0.3374913040509579,0,0
-0.6123646826552793,0.2063754021896553,-1.001962480447025,0,0
-0.1130744236385039,0.0218219273799999,0.327921986314884,0,0
-0.4522212829238108,-0.4377221490027274,0.1786604059287669,0,0
-0.0804983252713547,-0.0318272120379329,-1.424725664390997,0,0
0.3283218824324613,-0.2940849307375849,-0.6567041586651472,0,0
1.016790981089336,0.4950230471021792,0.7146259553718005,0,0
-1.0874956848293282,0.7229711328012556,-0.8791451475513451,0,0
1.4244212939829572,-0.8749911257274013,-0.5005267189436443,0,0
-1.61976301183019,-1.3749524699821996,0.1782717950247046,0,0
-0.2781985869233149,-1.8379872295084407,0.4137021990138488,0,0
0.2733169532336513,0.3115253245652199,-0.3445654286386852,0,0
0.0443017213444415,-1.1660102876349157,-0.5980502022166969,0,0
-0.6291184838342649,-2.128371929628019,0.8818668485668123,0,0
-0.320180373203847,0.2020297579715189,1.1137805454844003,0,0
-0.5324686219082045,2.1316797618756564,0.556916518410805,0,0
-0.604277810165218,-0.1598443497975391,-0.0977584666419269,0,0
0.4680233840109611,0.6145769889562244,-0.7524656571801598,0,0
3.0804125986014244,1.7547711490471758,3.789028465257758,1,1
-0.6814382072039286,-0.2449545499916322,0.2225643949495891,0,0
0.5052811410953923,0.688470102181815,0.1462812156293261,0,0
0.0639058753956281,-0.4204450392736897,0.8666482445237871,0,0
0.4406451839015746,0.0909079170775324,0.3162999850264731,0,0
0.304101898621781,0.1407033702812395,-1.2615394217326006,0,0
3.194162950204615,1.0529425218031387,2.824377385119049,1,1
-0.5825304473039171,0.75537619677889,-0.8915237741061809,0,0
0.391784297798496,-0.3147070765057244,-0.441595420771605,0,0
0.2897506336766489,-0.8472585959782079,0.0230466161382674,0,0
-0.1806657395820996,0.337675395324732,1.301908094230525,0,0
-0.0776591296723095,-0.9781283725121976,2.118292783280713,0,0
0.7870107526468825,-0.1284368949016083,0.2842622498629186,0,0
-0.6059221663267028,-0.162639293241302,-0.2944927095273804,0,0
0.2426004236716843,0.8414349591110133,0.2313503073668323,0,0
-0.3157617064939741,0.2809972022508568,0.490094570617173,0,0
-0.3273035925811874,-0.1772261085224036,-0.395214376817741,0,0
0.6537054840346709,0.5955736690858937,1.155038754384199,0,0
0.4500004487179352,1.1204740125353148,0.0082982592578064,0,0
0.4411277060832391,0.3572068673023247,0.2044152731313427,0,0
0.8077373526308806,-0.1447847829572942,0.327637525810274,0,0
-0.1494383012924596,-1.3571666349695657,0.1486172713296545,0,0
0.3430932251103096,-1.1309342287786175,0.4544023281469934,0,0
0.713411002586753,0.971509148514696,2.0058708033777504,1,0
0.0764748401563507,-0.7131701990421977,-0.569323130126206,0,0
-0.2620711924745474,-0.3257210709986347,-0.9663252789332556,0,0
-0.0928098637420583,-0.1023324416362395,0.1617428782294178,0,0
0.2784139059607619,0.3314244613280536,0.4104388571816596,0,0
-0.7748185577703743,-0.2189215202048955,0.1751300617324467,0,0
1.3941322985520368,0.2918203469168663,1.0665909323015732,0,0
-0.9147624510284512,-0.0951577709709618,-0.1643690642262324,0,0
-1.0698892069284678,-1.9656828632346408,0.3297017689427856,0,0
0.6979204997928252,-1.015601770203392,-0.9601317097294696,0,0
0.4248476215409352,-0.2863987935170977,-0.4438875458198859,0,0
0.2999966380091884,-1.2635079355993264,0.3493346219328975,0,0
2.695190322232341,1.14196264124665,3.1477366669194726,1,1
-0.1742162685648784,1.2493452595167445,-0.3756514387332082,0,0
-0.8337135337454081,0.9632667787188196,-0.2127280297288928,0,0
-0.1086014511258923,-0.3499941909219308,-1.2723782194667226,0,0
-0.6697030692452067,1.2126445912510653,-0.4218556197146746,0,0
0.5615576520363127,-0.0179569108272637,0.4920931177286877,0,0
-0.2746755503407371,-0.4633688049534814,0.2611697453652898,0,0
-0.7802409301879846,-0.7167375599129616,0.2065566148140752,0,0
-0.4045830707839922,-0.4316273822363183,-0.1238010256628323,0,0
0.142621551170074,-0.5102165877925521,-0.155093992417602,0,0
-0.5851710312684468,0.001985632294419,-0.6440702556670685,0,0
-0.7777990964111179,-0.0070392167250793,0.351745610510713,0,0
0.0165027297779577,-0.1514845738754655,0.1481676529936108,0,0
0.0174560935341179,0.2463730899706267,0.2002212607305528,0,0
-0.5428582158895326,0.937486183799137,-0.5456819480540183,0,0
-0.5161023287705333,0.716416603670861,-1.7379710459697706,0,0
0.0078307698111566,-1.5158556965033825,0.6435881429140156,0,0
1.8256598663765675,-0.885809421537363,3.3206269642901374,1,1
-1.2139155866919698,0.702447572755641,-0.792403841100897,0,0
-0.700466310504834,-1.4076378568656014,0.3478261557369145,0,0
-0.3241484271347928,-0.3603763924016803,-0.4474871357415177,0,0
0.0665945479336593,-1.227213456926278,0.6163206436548382,0,0
0.9343280026413464,-1.8066046545866576,0.2917962738987074,0,0
0.4740277578588908,0.3422169458270492,0.3405656408083241,0,0
-0.284274430842632,0.5418301505201598,-1.1610715652337031,0,0
-0.1792607720391609,-0.6829091776501522,0.7276929206174008,0,0
-0.9121632218411988,-2.53013539000507,0.0311429208203518,0,0
-0.1788858887618404,-0.65515679458267,-0.4308293866848244,0,0
-0.3801951437961105,0.2049872912132216,-0.0552117503106895,0,0
0.0753959624549887,-1.5103664637710377,-1.4616734043513104,0,0
-0.781532897904838,0.0138543633036925,0.1391409908896639,0,0
0.2219208036615036,-0.1683159991384509,-0.914464495920085,0,0
0.977088913591554,0.3769040601895005,-1.1513376568015985,0,0
-0.2461369022023617,-0.0446283341386048,-1.2756645920561185,0,0
0.1342607385646681,-1.046533766184973,0.6549707459778908,0,0
0.3491970772939473,0.9429193240984274,-0.6213149997823021,0,0
-0.4640748993131843,-0.2996414098486535,0.96345603887294,0,0
0.0019009674238578,-0.1793145375551696,-0.552837713561058,0,0
-0.1557064081945586,-1.01003823231576,-1.4112086978884422,0,0
-0.0923030362064482,-0.5607455469360577,-0.9783193319233926,0,0
-0.7411279267046037,-0.9655979971330372,0.74518015671593,0,0
-0.1468254234128368,-0.3128606160566284,-0.2744918050935629,0,0
0.206012358690188,1.4152744819647596,-0.5619857804178662,0,0
0.9162850507561392,-1.412243190342552,-0.0430275302168802,0,0
0.5497472324896473,-1.6338337044074498,0.207375024413716,0,0
1.4394361538094669,1.194712880266126,0.6584219716093909,0,0
-0.736908506161094,-0.3462170937443995,0.9010112019133312,0,0
0.4849529728911697,-0.7677842683029429,-0.4238627445072695,0,0
-0.0284658085966679,0.7992635958592356,-1.1318319246673665,0,0
1.4667253020777258,-0.7095971521234303,-0.4632048769073213,0,0
-0.7674245034426488,1.5200830657101485,0.0304322073222376,0,0
-0.7908409688160716,0.46734690584019,-0.8663917509576776,0,0
-0.6117504748647433,-0.6016682788681144,-0.861550221587288,0,0
-1.7477922589325068,1.8238674214709167,0.0916160324156434,0,0
-0.5568765827524593,-0.7096882816685538,-0.1959153933097963,0,0
-0.7307868581977716,0.5261871675289608,-0.136239435327756,0,0
-0.05301843450561,0.1201588852083329,-0.7160001036811544,0,0
0.0895824207831216,1.039354823321947,-0.3290780036168106,0,0
1.2330103502681304,1.2775509938772724,-0.8374321706811596,0,0
0.5431545610441678,-0.1249314003985281,0.4919577541368401,0,0
-0.5949919438866361,-0.845124586815208,0.5982330423089731,0,0
-0.8345781755714244,0.2674941053477555,-1.5129259965928934,0,0
3.331283994184157,1.1045037683396184,2.366230100079821,1,1
-1.148912392708274,1.691899006598548,-1.2567396289744346,0,0
1.199691438489483,-0.029081471066182,-0.6365257436525105,0,0
0.7138148042399132,-0.4892594369547534,-0.2214019707740515,0,0
-0.5147143012551774,0.0150650921079478,-1.2223888351409182,0,0
-1.4416978419966642,-1.3895258738256218,-0.8356932886051889,0,0
0.8437996702259208,-1.0451996925932865,-0.895844175754447,0,0
-0.2504438643530133,0.9464426208151722,-0.0084092598146452,0,0
0.7573160561406578,-0.7566172224703217,-0.1094620859202813,0,0
-1.3532388768543435,-1.1142432701985592,-0.6890685701894974,0,0
-0.611737342792044,0.3378064357774831,-0.0307166394492956,0,0
-0.1611825738924972,0.9329545038216012,-0.5608082152983703,0,0
-0.1300807307861018,0.5049670406572474,-0.3593040975103755,0,0
-0.5004736191650122,0.759048892245987,1.0658286982213807,0,0
0.2990503348462512,-0.8482213290675674,0.8218542532599864,0,0
-0.960668318580362,-1.458007757794488,-1.112440600289745,0,0
-0.2711896368404923,1.2223711585168235,0.4476557897139305,0,0
-0.0754472258341473,-0.450159093420959,0.4342215480210766,0,0
0.2182636580464076,-0.384279107031462,-1.0015736154481103,0,0
0.3651969295764848,1.0636107820614618,0.4396294928242899,0,0
-1.0031601915350523,0.3557578130758803,0.9665363603101838,0,0
-1.308293974133266,0.2637489390681306,-0.9827303080627248,0,0
0.7870196398440059,1.830922560036406,-0.8325010263246274,0,0
0.0825463802880958,-0.7443520467832291,0.5853468387541811,0,0
-0.722853490923655,0.6965059317466845,0.0386490219630644,0,0
0.9908101114594344,-0.1019994051809004,0.2437842733459667,0,0
-0.0788907388220022,0.092008225504485,0.0892724481620375,0,0
0.7137082895220348,1.2472524060448074,0.1259844133871217,0,0
-0.1147761381978178,0.3113826739902878,-1.1321429031781198,0,0
1.370555026041531,0.3393132850065614,0.6070752452358708,0,0
3.95390281650452,3.366426651445304,3.6338321740664967,1,1
-0.3506152758617816,-0.4889212456147707,-0.3283380230308858,0,0
0.5589131410367131,-0.9237914259381222,-0.1921235021625971,0,0
0.3158364582495825,-1.1123160338396834,-1.282074270924448,0,0
0.8547980402758074,-1.957329464443012,0.2165129703901425,0,0
-0.8841397439424329,1.7311627231678874,0.2588635940682284,0,0
0.346147370741909,-1.16586518895845,-0.2058348445908938,0,0
0.6236353756053845,-0.3571562652008451,0.6635173970363448,0,0
-1.4756821204204202,-0.4081017433311911,-0.4050392689674614,0,0
-1.0468404596933456,0.1275991299719306,0.2534040494372879,0,0
-1.6847019786954929,0.5937130968689494,-0.9073522886394672,0,0
-0.3658489252766744,0.6347340515089357,-0.1775250859888759,0,0
0.3696139418072477,-0.6889308268935079,-0.2880141265532708,0,0
0.9544487077788804,-0.3075199784127429,0.0048086441755761,0,0
-0.1098755574360767,0.1048342292950739,-0.4310124014474933,0,0
1.0485350537953548,-0.3823150994769734,-0.2565957743094929,0,0
-1.1935255101487006,1.3195788551476653,0.4449556991703421,0,0
-1.4344306992959737,0.2959221491675783,-0.4802755440001122,0,0
-0.2064836099453174,0.5195689978037311,-1.3373690122202968,0,0
0.1211109431196289,0.4535517484995168,1.121608628891735,0,0
-0.1894538594903494,0.9217399255725652,0.8518888482750803,0,0
-1.7057236813600574,0.0117102017290258,-1.1070784824773745,0,0
-0.2315013237549207,-1.3434084474973926,0.3450631574876753,0,0
-1.1371654638092905,0.2122164804937363,-0.5287863933852408,0,0
3.930698565955449,0.1892974795532775,3.732789737939992,1,1
0.1080945887711781,-0.6389930036355908,0.0553018749252678,0,0
-0.8654774921096114,0.3833892108214238,-0.3320138982706565,0,0
-0.5480177070601479,0.9811667727311671,-0.7345150612596016,0,0
-0.9544035898828797,-0.134772638960142,-0.6662116517107511,0,0
-0.2117978442337941,0.1289069901642303,-0.8315405576848456,0,0
0.5466707186313513,1.4065693789523157,-0.7697249226747085,0,0
-0.8996415864525935,0.0664811468256381,-0.2094888984047949,0,0
0.210519424361689,2.231337250357436,-0.6846889540865658,0,0
-0.5602318649092914,0.3642667810201606,0.3394539831038936,0,0
-0.7559296370205726,-1.7688100799155155,0.9294001329526402,0,0
-0.2448478841325034,0.536499422305304,-0.585259916578877,0,0
-0.9365405336587336,0.195225783165287,0.0151368648071065,0,0
-0.5776630752305657,1.0283619287552763,0.2058381448978358,0,0
-1.0577346498593168,0.4629964153493667,0.1855556009475787,0,0
1.298999969572295,-0.281234920472837,-0.1046184174560729,0,0
-0.13881213267506,-1.2768986175758643,0.3838763696676899,0,0
-0.6865173452964499,-0.3459416235702826,0.1930630957637443,0,0
-0.0056348017367132,-0.934162858665582,-1.067074188951909,0,0
-0.2487956602851827,-0.6865889453817696,0.476540537840325,0,0
-0.3297540668753901,0.3854196930704414,0.4898274454012696,0,0
0.2925796921463799,1.3769423015755438,-0.7195101841016199,0,0
0.399395728789635,0.2076166694308414,-0.1324728667136546,0,0
2.90433747261708,0.2376842136559318,2.2560227518544838,1,1
-0.5941831053671983,0.2534010563908431,-0.3136281481627859,0,0
-0.3700554106485152,0.94297432736247,0.6258759538564754,0,0
-1.8804547256434416,-0.7134184195484139,1.5716829569090425,0,0
-1.2941926959655927,-0.277164744307645,-0.7361418702593774,0,0
0.8534885283475129,-0.140809274994961,-1.1721268298314134,0,0
1.0607204972267872,-0.8739905974483999,0.0623315075298556,0,0
-0.3506688482479917,0.4401635043504771,0.3684023222822718,0,0
0.2645533579932425,-0.2651811004435295,-0.329419181122592,0,0
0.0668498411910348,0.2304128993415153,0.904499788522292,0,0
2.1292556895607824,-0.968064102536426,-1.141032949473027,0,0
0.6692039535932468,-0.5554052717342348,0.347415645683221,0,0
-0.2604128036765984,0.508110390535754,-0.604168503084388,0,0
-0.8771476276880086,-0.4961472037436731,1.0994774279167394,0,0
-1.362195042178014,1.4292629035323978,1.2995986003031856,0,0
-0.0134714062193627,-0.5207242612253273,-0.7219796555636997,0,0
-0.7287138068765756,0.051747168643979,-0.5629161609127263,0,0
-1.2249368726623118,0.7008620924055591,0.4695301666807103,0,0
-0.6469086345303,-1.4548489236958204,-0.4439102201659033,0,0
-0.9710469832727302,-1.768852308080668,-0.1935406934260661,0,0
1.0921480081102792,-1.5532290861459996,-0.141667518166742,0,0
0.4918974718019307,1.003449618426975,-1.5667668863865938,0,0
-0.1710312359622338,-0.6603042779622832,-0.1704075775870007,0,0
0.9377468681711538,2.19146472801944,-0.6656157824914438,0,0
-0.1074361634042326,-0.6716647940214368,-0.5215681102961925,0,0
-0.8069089855319491,0.0149468030351514,0.8974451033461033,0,0
0.9699240509612516,1.2597610115417082,-1.0808810757848606,0,0
0.2364993159647886,1.6852104394513183,0.4355466889403865,0,0
-0.9380337656542944,1.7360193031063875,-0.3646583597084498,0,0
-0.3069282640720597,0.953734507783252,-0.3652424767448771,0,0
-0.8175905527238594,0.7847371164005955,0.4188172915090918,0,0
-1.1955362313014983,0.3890403135482821,0.088878325903113,0,0
0.5250865101009362,0.5594410264598164,0.2578052846751888,0,0
3.970191012347692,1.654580684542602,3.0290661514517176,1,1
-1.2072862425517217,-0.9045255751673362,-0.4030106014471927,0,0
0.2544279439384373,-0.1573718345851409,-0.6088399802057167,0,0
-0.6499413158905198,-0.3103285143966809,-0.9553324277109108,0,0
-0.5280902304095648,-0.569865352434019,-0.7650272417710829,0,0
-0.606535110045664,0.4842752590078946,2.0004608494278,0,0
1.9006386617751132,2.8143011312908337,4.263601274931415,1,1
-0.128932370219618,-0.0732128770550055,-1.150168365252428,0,0
2.5858556292458,2.727958412005617,1.868248407553512,1,1
0.0364511318481509,-1.2011501340318749,0.192782560856878,0,0
-0.2025269662676458,-0.331853779878417,0.2406986258212051,0,0
-0.3431513946120824,-0.8115682757786438,0.2418848555900469,0,0
-0.8413958959510383,-1.8657994816514616,-0.347068913767825,0,0
-0.5948933367811285,-0.230091727770351,-0.2521862859612269,0,0
0.3978185496128053,-0.2659140738636572,0.0799603653983269,0,0
0.2081874859797286,1.2334810156063627,-0.0973372779526748,0,0
-0.8935528011401658,0.4241455243317387,-1.786296469466609,0,0
-0.0910688502967758,-1.0934063397227034,-0.3286376042420962,0,0
0.3948347395054628,1.545833654225179,-0.784073809350583,0,0
-1.4091113201536387,0.9653499472640296,-0.0318958467350415,0,0
0.2398155144908746,0.3794772104897715,2.026957756708736,0,0
-0.6588695577888969,-0.3619523525956412,0.1089758923322726,0,0
0.2601133069594739,-1.0340360008754768,-0.3899845820239384,0,0
-0.7338618737841829,-0.4955728478800693,0.5151125711083038,0,0
-1.5100670544563397,0.844051068551223,0.193384692430304,0,0
-1.3779156211893138,1.5737949068330832,0.1475240311328013,0,0
-0.1292577799817831,1.2608004444559335,0.2843556909849261,0,0
0.0284520396698061,-0.6025283910320327,1.3465105156266433,0,0
-0.8389762421725732,-1.1809114931940865,-0.9888434824089248,0,0
0.3107814805940413,-0.0250918962173892,0.1867497201338526,0,0
-1.403235347702653,-1.775849148712298,-0.8390059476347944,0,0
-0.2143320069453834,0.1420512032831241,0.2467416244021917,0,0
-1.0675251620124575,-0.2896219028889682,-0.8333682875793591,0,0
-0.650830726893066,-0.581610070586246,-0.4660635229025597,0,0
-0.1297691843062921,-1.616541546972591,-0.3764742090628896,0,0
-0.8062600487425619,0.3166682983975967,0.5546882087462839,0,0
-0.4516563910083148,-0.6427379746548472,0.5126602629922621,0,0
4.446774555414625,0.1614264354619788,2.8884411344011376,1,1
-0.5949831609941311,-2.78800016344108,-0.1200201084867434,0,0
0.4576578266403631,-0.1795074323624556,-0.6801609197664605,0,0
-1.0069343932860315,1.47078952856367,-1.0823449738628412,0,0
0.2297137317717935,1.3690149979639568,-0.319272118277539,0,0
0.9091498828312596,-0.5734123073738147,-0.3862868426652587,0,0
-2.006930561218516,-0.7064763296923502,1.6177272230527755,0,1
-0.7589270995386821,0.2755652082069491,0.1569501494983056,0,0
2.1471059586230306,1.0397835174886427,1.8649553587361476,1,0
-0.3163971535613138,0.1224506376260342,-0.5740651906433545,0,0
0.111483427189266,0.5481801416517459,0.5880737321491305,0,0
-0.6151727826659842,0.970759523290906,1.369882290468473,0,0
-0.1005644249750442,-0.246113963676048,-1.3222804436461248,0,0
-0.2810989641909844,-0.3410363898546341,-1.537643927401367,0,0
0.7051273555895472,-0.959344277388496,1.2105417377050929,0,0
0.024501306100438,-0.9124860547977892,0.1251918461602367,0,0
0.0864874202067536,-0.3619475780813053,-0.7964459894152056,0,0
-0.4720159936227465,0.1825783954436155,0.2314407471285192,0,0
-0.5284485469578843,0.683434340874356,-2.091417338473716,0,0
-0.4874273970624923,-0.8907530389335073,-0.1577958454810013,0,0
0.1288509850444855,1.2144440445375615,0.079917612806353,0,0
-0.4788028065778275,-0.4028845706003155,0.5169212818812768,0,0
0.050846701682406,-0.1738703770838402,-0.9031259320490176,0,0
1.3814741754238564,-0.8394338161159035,-0.097488095503212,0,0
0.484061777454387,-2.377186167974612,-0.8383051404463873,0,0
-0.4080390232707275,0.6563483265277216,0.0268444768824483,0,0
0.7300403852700651,0.5213718244900649,-0.8162674979842214,0,0
-0.4691830911061588,-0.4122410941743251,-0.4592745685140573,0,0
-1.683876576456108,-0.0928504459797108,-0.889878746776464,0,0
-0.9163041929241412,0.318813147739248,0.3168027099416321,0,0
-1.5591822782619786,-1.5870549738467632,0.4686972826791513,0,0
-0.4270338359435098,-0.6393927900563603,-0.3321697894181261,0,0
-0.1513649575303771,0.5740238450781119,-0.1322529471303166,0,0
1.084171272519225,-1.3043990541686834,-1.221616737768631,0,0
0.0785323207737411,0.1149004961044253,-0.3798347974753034,0,0
-0.3283612573299809,-1.3981961139974566,-0.1970527005132834,0,0
0.4529731776833383,0.2734156251013379,1.7599224368339312,0,0
-1.8128021725336456,-0.1869591021876153,-0.974980225265558,0,0
0.0104870833165539,-1.63527370015011,0.9124980981575536,0,0
0.4093495688193677,0.9137308178417666,0.5701052106513264,0,0
-1.266915216814338,-0.8278618057831738,0.0453464792373648,0,0
0.6872219585265718,-0.8972390764217338,1.128229511535355,0,0
0.0871534287931709,0.0296344204673703,0.1123636434976737,0,0
-0.4745577918343596,0.8989660747832215,0.1248584921187936,0,0
0.306451495200069,-1.08573604310624,-0.1991892092369739,0,0
1.527003523561527,-0.0977202489700445,0.7362102002831745,0,0
-0.0295655206657514,0.2389259203840772,0.6430873752282307,0,0
0.0198809474257965,0.4812659736964293,-0.618687546885063,0,0
-0.5074004629506926,0.0075105648713953,-1.1268493697537914,0,0
-0.7983841572257426,-0.4908240185383129,-0.3089879794212162,0,0
0.453666378145499,-0.9131369674056994,-0.7464378189205123,0,0
-0.8030337268649288,-0.0752879392227922,-0.2068119098616472,0,0
-0.1117597981229452,-1.1373761266275455,0.7463718645089371,0,0
-0.52103483498954,-2.8330116819197984,-0.4953228111668006,0,0
0.1918400216347228,0.2460261474197324,-0.1916446483973305,0,0
0.0835509635829474,0.6745859646619135,-0.1177571488504709,0,0
0.6080724598237045,-2.3209699217348816,0.4613557003062117,0,0
-0.5451483459244061,-1.0801507922660438,-1.8065102311793289,0,0
-0.3661977485298255,0.4134562428956686,-0.6047835652965404,0,0
-0.8944533395197941,1.7323440670851733,-0.0054665682967899,0,0
-0.4961722350410069,-0.1352108212786619,0.7189997021217225,0,0
0.116069777463739,-0.8218203524915186,-0.5206739712567862,0,0
0.399008906484959,-0.3219846239810187,-1.5351735800310418,0,0
-0.8522768830302567,1.1064161239112058,0.2937785253818568,0,0
0.4829299979629331,-0.7465948609347279,-0.6257835853605298,0,0
0.8451152886378805,-0.887097208241052,-1.0319088591319523,0,0
0.1429967154115173,-0.5969295827694224,-0.6177116977336705,0,0
1.2334760730603551,-1.0284328564814045,-0.2954662442679253,0,0
-0.7417087377906972,-0.041795004872347,-0.6033507225349449,0,0
-1.0925921796622764,1.3354722519873488,-1.7762336700223038,0,0
-1.490571549881608,0.14197010719269,0.4969896139339955,0,0
0.949744527642562,-0.3856733172692798,0.7738009765607318,0,0
0.3225354821201001,-0.4218541399232166,0.3170853392413441,0,0
-0.2065111610556699,-1.5876463627914723,-0.9938236514487762,0,0
0.0435392138631621,0.6554904099347677,-0.3078969494977758,0,0
-1.0037913327939452,-0.2256504878158246,-0.165047006421693,0,0
1.6574555244909648,-0.3197687876439771,0.2784531062675487,0,0
-0.0687960106378598,2.773644253830879,0.3294078437189576,0,0
-0.0835704015801016,0.1196640326105173,-0.6981803051254394,0,0
0.3757426442951473,-0.8436328730214294,-0.1001928448034876,0,0
0.1933523111366619,-0.5452264745111812,0.1747692471273279,0,0
0.001745627320563,0.8987903501588917,0.9063766537165878,0,0
-0.7541423947933443,-0.0504142537548563,0.3559058308261132,0,0
0.1862425634731612,-1.4731074689079753,0.4178536700608372,0,0
1.237372426887189,0.6886098927553096,-0.0988512631838935,0,0
0.8375010946929379,-0.7669327392730668,0.8731401559237321,0,0
1.0221338396364916,1.563443882815475,0.1399542495537738,0,0
-0.5460420334849077,0.8360730904115129,-0.791167191571694,0,0
-0.9025320032110832,-0.5644497013256058,0.8679460895527155,0,0
-0.2588250523951324,1.020351088611861,0.3510677772911694,0,0
-0.1235645673528352,-0.0920574732481743,-0.4848765891092215,0,0
0.6502885473681921,0.627673703195173,-0.511581846631093,0,0
-1.4262948758175806,0.2901984203797719,0.0570247004015742,0,0
0.9747128111446016,-0.930344860503316,0.179095250729991,0,0
-0.2828357470165655,-0.7443810241983919,-0.0157177467249592,0,0
-0.4831968755205507,0.7901455585362204,0.067819305614252,0,0
-0.9192984072669872,-0.4612500631417918,1.0852484761505448,0,0
-1.3982698674576328,-0.5244033215748506,0.6248246407570234,0,0
0.448326931004371,-1.030077839336704,-0.0205949303304207,0,0
-0.1104544295298682,0.2341417905081988,0.5294063992271592,0,0
-1.1263538249713445,1.7369558238152514,-0.9167741794123336,0,0
-1.1301676032998735,-1.1331525625816086,0.1312824859619184,0,0
-0.4153129303332418,-0.1320695787042397,1.1653658139638412,0,0
1.0786451151801493,1.140658851804705,-0.3200259279930921,0,0
-0.3585345425998815,-0.2273048447874928,-0.7813097861082262,0,0
-1.2852145866235138,0.2605249629442916,-0.6380386854232476,0,0
-0.3482149616142523,-1.1284399994430292,-0.9586166544745012,0,0
-0.3683205174585883,0.2384588228884601,-0.7352449839690878,0,0
-2.1747783598338906,-0.325879668624609,-0.4317312806938208,0,0
-0.2055500139752676,0.7495880801671081,-1.1900938083590715,0,0
-0.337179816143852,0.934496720182947,-0.1488258232802474,0,0
0.3537146865072731,2.220224293172435,0.5008075701242317,0,0
1.2127302425644082,0.3772173580110669,-0.8253598993246302,0,0
0.6744129074892599,0.1444615018100394,0.9528734275350922,0,0
-0.3654628105373537,0.0239631767304537,0.2139759580344891,0,0
-0.9896602247259232,-0.4781136654644008,0.5948123632559712,0,0
1.7525473754886882,0.1560953371053027,-0.6422483947859893,0,0
-0.1209612360056771,-0.4251461220468699,0.4658208787434701,0,0
-0.1547101726298085,0.0001927682182726,-0.9603024409412604,0,0
-0.1830678488038608,1.053894217685417,0.4919937209761419,0,0
-0.0174796807508318,-1.077227425925022,-0.0343664871886986,0,0
-0.2726658002958436,0.8909346986583054,0.2450847322442072,0,0
-0.592576305297993,1.0534518181209074,-1.0215986073933605,0,0
-0.5726029756733468,-0.2625406296946189,-0.816064927741101,0,0
-0.1894974694880586,-2.09991373166352,0.2773056105949212,0,0
-0.5700438724555116,-0.7116203553362677,-0.8551005427773554,0,0
-0.6962944198506165,1.035002294662341,0.1791110009362607,0,0
-0.0857795620150771,-0.1752465071458841,-1.161937657715266,0,0
-0.3550961441939251,-1.0705883983015094,0.4611676447702351,0,0
0.9556677884292858,-0.6171312871883657,-1.063308889681785,0,0
-2.1405616741725546,0.6165294078886836,0.2443877508075078,0,0
0.6482879653964986,0.3470500456872743,0.2981155902098518,0,0
0.7634779287620678,-0.373366553869995,-0.6707767826854191,0,0
-1.7101561597205155,-0.4906374857837156,0.2661677300591995,0,0
-0.4204568864337094,-0.5135004909204588,0.0305507225640889,0,0
-0.4418834868633446,-1.0000821894813643,-0.5550653357584201,0,0
-1.2139512963672996,1.3269420724366023,-0.8992125145759614,0,0
-0.7447099748953353,-0.4498295692249121,-1.5982371657344303,0,0
-0.992678189992938,0.9617966035252072,0.0959110988579362,0,0
1.1406812309414145,1.2406940320151192,-1.3067619758599307,0,0
0.5321664286351634,0.7611241461450904,-0.0904126183196969,0,0
0.782457800874702,-0.5500521255378565,-0.3532911054582193,0,0
0.3726914263949339,0.2159229218650968,0.3373224167917358,0,0
-1.0064462328023631,-0.1764637994882434,-0.3815703974132752,0,0
-0.5559564575339072,-0.9829275809088316,-0.4016473873425419,0,0
0.1995860563951977,0.1431438118425539,0.3759548894036101,0,0
-1.0758054025933554,-1.2353988594782648,0.0852198815778535,0,0
0.3662279363347376,0.9347656956244138,0.0713707926611967,0,0
-0.3441777806131549,-0.5803087301144036,0.1835519665280766,0,0
-0.4444021796007104,0.0301758418691699,-1.2853453900220206,0,0
3.4937168817680506,2.377860280536241,3.462141417281636,1,1
0.165969683067557,-0.3916806930172364,0.2884720102333293,0,0
-0.4340778633514664,0.3836916052822393,-0.9051680284067304,0,0
0.6988288320072716,-0.5897408133959746,-0.3391008310732752,0,0
3.590289648739772,2.593202668627664,3.3097684736024977,1,1
0.2938978607872549,-1.3884744897637398,-0.2588115239290078,0,0
0.2768819721949641,-0.0383937934592802,0.0843420902757865,0,0
-0.3957604872536899,1.6236244715153998,0.8884586733965901,0,0
0.0779403793517848,-1.0715320251059746,0.6323152061312971,0,0
-1.0974052559962275,-0.7757362764537045,-1.1217001240213031,0,0
0.5234839616583686,0.3169504836057141,0.2955065735264104,0,0
-0.3028770171115336,0.0103899975714588,0.8134081638662229,0,0
-0.5546171711075709,0.1672328535741314,0.1231362096640206,0,0
0.6166192337119302,0.2942828051916926,0.6390658584818252,0,0
-0.689958760677095,0.4277306030952617,1.3140726767149884,0,0
-1.2146589283575089,0.8632623042182792,0.589778119511767,0,0
-1.3250718896983296,0.2215058366117645,0.0223933547031768,0,0
0.2865013788446323,-0.3754989733177571,0.6054419407083178,0,0
-1.1192510279439143,0.4624392302599158,-0.0541132014445663,0,0
3.654329107234508,4.210458567007455,1.8027553363028908,1,1
-1.7165194529642092,-0.2758962162521139,-0.4177416711887635,0,0
1.0990892378717612,-1.0478728476272996,0.9852059927153954,0,0
-0.0078423798528211,0.8608606522861687,-0.7599117995932908,0,0
-0.2371595920701971,-0.2646612035286818,0.9624596107252736,0,0
-0.5711574189410066,-2.146508252365764,0.2059693036948866,0,0
0.1323414259306852,0.6227661854814598,-1.1855066397714775,0,0
-0.1931350554216162,-0.6451471213951948,0.1090987089420897,0,0
0.6570774832511671,-0.2372921707518945,-1.698907405888373,0,0
-0.0799690155144823,0.1501319371020979,0.2980255320453984,0,0
-0.0530870104651524,0.02040117046914,0.4883186065473955,0,0
-0.436049666038335,0.4962546405346353,-0.5942738164781621,0,0
-0.207525327101271,-0.5535971095774437,-0.0697486015375413,0,0
0.0642801447161861,0.3162150420229537,1.2714946845288584,0,0
-1.4394875119728878,-0.3922691037703542,-0.530817321879718,0,0
-1.1697420549989623,0.5231750846670422,-0.9361048634267676,0,0
0.3887815534662305,0.409983955487349,0.9253097855374992,0,0
4.331086608661854,0.4316935280897357,5.889694998280412,1,1
-0.3021923380785641,0.8415143214997644,-0.1575612681792147,0,0
-0.1513533669648316,-0.6457296226587492,0.5808053986127405,0,0
0.0939236860271439,0.5866714534114195,0.8225978192698028,0,0
-0.5673126898317129,0.1825066959455155,-0.7042691580658687,0,0
-0.7450736549388084,1.5312459885291387,-0.515840793786645,0,0
-0.0191485340658847,-0.3591848889015618,0.741562858456559,0,0
-0.8941620169903955,-0.4745838671896581,1.074300032802936,0,0
0.1391350399690073,-0.172084442994914,0.2521401356897582,0,0
-1.4338354167514968,-0.4322785055019709,-0.8048876016993542,0,0
0.6018245727990496,0.5792295774509564,1.2956024100724584,0,0
0.1870839743643263,-1.6363545946604483,-0.5492984757526187,0,0
0.0257002327813574,-1.1204523428797353,-0.4058163083301024,0,0
0.567199658980361,-1.1334001459582952,0.090553618158848,0,0
4.6920992551369,2.89315379202231,4.790573359612011,1,1
0.5908065380206693,1.4142703224378883,0.4654184562338608,0,0
-1.536887967383523,-0.2500523967324998,0.1436928771155182,0,0
-1.1186158400892037,-0.3090788030433958,0.1791712547350607,0,0
2.7075071324423576,1.51318857374336,2.855599544161308,1,1
-0.1456473732260759,0.91110737465238,0.2486662669035655,0,0
4.13520344949358,1.062782802245982,1.3225226589046275,1,1
-0.7059058806317647,0.0642949561985443,-0.3775860772973134,0,0
-0.0259137186196251,0.7399304210122778,0.0165417224004173,0,0
2.322900701350195,1.715620839934391,2.157691443513248,1,1
1.20047642339741,1.34406700041811,2.4232412537774697,1,0
-1.213317440827944,0.7636321842895952,-0.3100800938089826,0,0
-0.8530726859086802,-2.633008077811636,1.1259254033138666,0,1
-1.1723496054416576,0.4673005523295379,0.9922443440080516,0,0
-0.89229940059552,-0.7540327093399023,-0.5015534224021623,0,0
0.6200713710256621,-1.832877544109696,-0.2707841243121498,0,0
-0.8725710154628613,0.314469902891322,-0.2144485821689759,0,0
1.7965300714131192,1.1052993936383122,-0.4911889237255789,0,0
0.2025245867770971,-0.2803111208493975,-0.0173789288791714,0,0
-0.0273524094487976,0.719461257204516,-0.7158438490009624,0,0
-0.804728250873609,1.3241018808036604,-0.9886433883884532,0,0
0.3567725773746187,1.0514339640326538,0.2959763898041738,0,0
-0.5940486626707324,1.3494888237646774,0.3009720367814853,0,0
-0.0741698368508477,0.526216619122443,-0.7495716159884361,0,0
1.7426548039864502,-0.0851087039420014,0.4957361771521489,0,0
-0.2366728260533155,-1.6232011249678644,-0.6230106571636463,0,0
2.995303293105435,1.9180825364548069,2.977244703112338,1,1
-0.6890889282018142,-0.9274930894405032,0.4407771332363204,0,0
-0.1911631293814184,1.836369588211328,-0.1848961068161162,0,0
1.1544897124796558,-0.3155562238628066,0.1729086226804065,0,0
-0.632298602991133,-0.0413049032258136,-0.5386444522355273,0,0
1.1855252549315498,0.3514072187029159,-0.3042152903173165,0,0
0.3623183101090313,-0.1142963348059383,-0.311097201476352,0,0
3.094171211236044,3.175638748493001,2.842930450866508,1,1
0.3061727001171925,-0.7252163253043431,-0.2897871323189296,0,0
0.5596460326929393,0.0241677976112246,-1.2949040060104788,0,0
0.2982753613230198,-0.8350864676658957,-0.5201254166872925,0,0
-1.3352031311262749,-1.3646730482339768,-0.3689903510194595,0,0
-0.706944198124866,-0.7152396545160695,-0.3479656787522229,0,0
-0.3495380966104611,-0.188238536875833,-0.3372083093481149,0,0
-0.2205570342178916,-0.5479265531876306,-0.2055221260411756,0,0
0.2974274379414938,-0.7891934519284308,0.1910061566339416,0,0
-0.0326694191052717,-1.44380125605273,0.4804684194505988,0,0
-1.1601730454170789,-0.2304813279607069,-0.6363361949087767,0,0
0.1182288545773598,-1.5340318630546883,-1.0418250359900063,0,0
0.2899112067296163,0.5426561427199613,-0.9237496248778816,0,0
0.2520591479001646,-0.0786844435252405,-0.5172307424884913,0,0
0.6402949820408184,-1.490780335552491,-0.4181131979275285,0,0
0.4563388750932352,-0.4378070704080311,-0.7244264102757585,0,0
0.1770854831426901,-0.8439678859595734,-1.109902192049517,0,0
-0.2173767811699016,0.1383896327224815,-0.494457647459483,0,0
-1.4028186915247471,1.07484920744128,-0.0273421197902614,0,0
0.1550563323005427,-1.873718131788624,0.2756946381100507,0,0
-0.0103236928190423,-0.0488043923822096,-0.5686793273676448,0,0
4.179638256595932,1.8574492631147448,2.318574445972222,1,1
-1.116508156407808,0.4613080573118467,-0.8392383368848976,0,0
-0.9706807506653716,0.0412131508164553,-0.183303713586976,0,0
0.6197070162414264,-0.843796348480273,-0.7818920475758013,0,0
-0.1945661532665799,-0.4468343193541849,0.2596478292848447,0,0
0.3427561958968269,-0.8841940052616893,-1.4687299938861629,0,0
-0.1439875961180384,0.8323677598963781,-0.4237609221194385,0,0
-0.1429161917494884,-0.1347358949747758,0.0603450358172667,0,0
0.5341079516658456,1.589020302753149,-0.0255779127304139,0,0
-0.5496405861428791,-0.2099005930574962,1.8128513497808287,0,0
-0.0934620435962491,-0.8038516288304383,0.0960209835591378,0,0
-0.5095722315172136,-1.542278933726306,-0.8959154099747092,0,0
-0.4888716014132227,-1.807667619177919,-0.2302133320108271,0,0
-0.3954815514833057,-1.6068520161153983,-1.4616815374679275,0,0
0.0004413596116717,0.0906643171767553,-0.2193224755638905,0,0
-0.5218479657043602,0.312198087838497,-0.7706289336963015,0,0
0.7706845944733041,-1.6041513756584949,0.5104152212527683,0,0
-0.8317409688266756,0.6664282889448147,-0.5629038070382496,0,0
-0.3043446711249171,-0.5972207416340174,-0.2458205472158477,0,0
-0.4927725358562698,-0.0196756844800447,-0.6259267887171013,0,0
0.9131808025877992,1.3240490371856115,1.1137451484964334,0,0
-0.0186198070439145,0.6680797186035258,-0.3956357683353768,0,0
0.6038283110860064,-0.4005069606840902,1.1824010324702698,0,0
-1.272112254512288,-0.9714568633892856,0.436240221720173,0,0
0.0339126034240375,-2.1273860320316103,0.1929295836798454,0,0
0.497852299940752,-0.8137056863634073,0.1098928226780427,0,0
-0.1037730552060411,-0.3478736215442531,0.1282567171880635,0,0
0.6288933406091568,-1.059472476631797,-1.5726278694066684,0,0
-0.5505673930784849,-0.2746337776655386,-0.3646000854806696,0,0
0.8851390376870316,-0.083808244212825,0.4589577179060703,0,0
1.548021756283137,-0.3604594497088112,-0.196094775698195,0,0
-0.4354731498252884,-0.7502978757671314,-1.1898174633220575,0,0
-0.4970733623733919,0.0003703776025935,-0.1986644651069798,0,0
0.9179549202490032,0.2509601168106073,1.0882877187929798,0,0
1.0119884884101986,-1.1541197044758882,0.7532982735536081,0,0
-0.5547192668418043,1.1394776583610435,-0.2056978286407442,0,0
-0.4782083969415846,-0.24467807021728,0.5368347757120445,0,0
-0.3750726973537664,-0.1369934509250965,-0.4287997878739937,0,0
-1.166958843147344,0.4951200114803791,-1.4086543187182674,0,0
-0.8496587552492918,0.0595700459865618,-0.8376027697220992,0,0
-0.9133640197655268,0.7197015777689363,0.9848216381283116,0,0
-0.73724384252576,0.1090010496711378,-0.361017072437257,0,0
-0.1909368879105289,-0.7158524376832771,-0.3385905266193659,0,0
0.0094439497458209,0.1772032479303868,-0.3799531599670363,0,0
0.9903246341989068,-1.203018047837734,1.2348456270967874,0,0
-0.909051819524563,-0.0547337372788944,1.0310316026403965,0,0
0.5684153699225848,-0.1847478834864797,1.4653773817018798,0,0
-0.3245520900320136,-0.345110499540466,-0.2767975593323851,0,0
-0.2019498926370148,-0.2721401711916731,0.0563278844848102,0,0
0.3377774402700316,-1.879840221974902,-1.2714761511423132,0,0
-1.0017293777232383,-0.6574312533814216,0.9218449794453866,0,0
0.1198771328780865,-0.0691434367074438,-1.0158727069078286,0,0
-0.0410518872862931,-0.0076972104322315,-0.0014428074685537,0,0
0.2018787791610315,-1.096604953694497,-0.9642359037045498,0,0
0.0503949588852702,1.006313931322531,-0.5917174164805856,0,0
1.664570701367556,-0.948517164530942,-0.7737108417815413,0,0
-0.6403264612283132,0.7346667310024765,-0.6056444342771343,0,0
-0.5607828098795615,0.2374384995623507,-0.5552711055009782,0,0
-0.6294471167746193,-0.7468361388037841,-0.5619722247702416,0,0
-0.579025140610382,1.4735947517896528,0.4502945168085006,0,0
-0.6400635163785151,-1.2487836245087205,-0.9697751265323766,0,0
0.7209510327533194,0.6885413406439377,0.0013163490560101,0,0
0.8934529597893731,0.7632069259646685,0.7321000872998029,0,0
-0.5904035501275912,-0.769203222219136,-0.5362755069802635,0,0
-0.7853517116412883,1.1225442586966112,-0.6862707288722688,0,0
0.1862032169748834,-0.383557923688159,-0.329168790177793,0,0
-0.5766002422401528,0.1104401706881048,0.7040870053429439,0,0
0.3065632374073968,0.0844246405581253,-0.018051051192892,0,0
-0.0138742661779271,-0.2774321039912222,-0.5494768066722318,0,0
-1.2946048244137447,0.5891935029822825,0.1942556709203682,0,0
0.9880925781745692,0.5733123289491235,-0.9678916786861814,0,0
1.1731768261825692,-1.7575950535160805,0.3389465646812233,0,0
-0.6217330502482118,1.0417379352558933,0.1391076513762321,0,0
-0.4540007649522415,-1.678700638067133,-0.3857927867475252,0,0
0.0479334134209371,0.7925162304592652,-0.7746804409267275,0,0
0.0841431532852589,0.8788553194338827,-0.8099185698441359,0,0
0.3256493379092564,-1.1546399389369089,0.2315786734943205,0,0
1.3328906885064735,-0.5309740287940423,0.7401751628507603,0,0
-0.2969491124193549,-1.168154175258317,-0.6272089020597251,0,0
-0.7599718453211656,-0.3513495900222088,0.1755798054839155,0,0
1.361418106568771,0.9770694924987172,1.4896174784609022,1,0
-0.7097705959052284,0.5606325635037029,-0.5886042069998904,0,0
-0.1897759483182833,1.0472107578421768,-0.1830251228045437,0,0
1.1721933195907464,1.1254954740148948,-0.8267719389375088,0,0
-0.5508079763125194,-0.669757929170434,-0.84642446854518,0,0
0.0016740351177509,-0.3461237450496762,-0.6495348566212115,0,0
-0.1773282665304691,-1.6979072724148978,0.0538135169882042,0,0
0.7204865884676948,-0.8932206591765459,-0.2975204183938527,0,0
1.7179502393101704,0.7304436532173223,-1.8001666511469143,0,0
-0.5606872900983509,1.3271320041529693,-1.7140544833675777,0,0
-0.5298146398064609,-1.2861145538401615,-0.6049043711326516,0,0
0.6130063011699564,-0.6975380775938921,0.1750668464002977,0,0
0.3430474096931344,-0.1784903983620921,-2.1732990535789973,0,0
1.2110544861688206,0.1026163168402404,-0.5264091578856261,0,0
0.270046306229743,-0.8966440515087741,-0.5458380181273061,0,0
-0.4328303623051219,0.2345654023075523,0.8569323676943991,0,0
0.2750589233301684,-0.5887648941215439,-0.4423651257346253,0,0
0.661102765562122,-0.1675296422126089,0.1203377284581436,0,0
3.7189449129885057,1.6783745793445315,2.604736698883304,1,1
0.212924531061163,-0.1483887197500481,-1.7212833016156988,0,0
0.6297833297611412,-0.5544219249351343,0.4025777693181581,0,0
0.7062552194593998,-0.2547843985643303,-0.0024532099897936,0,0
0.8648785247996655,-0.2353020916995308,0.2121270883590205,0,0
0.3183208696824649,-0.4935594571101639,2.7163899949354167,0,0
-0.2896245474185725,-0.3915808269773035,-1.6872479210719469,0,0
2.598043899914564,4.13733791012264,5.357667718906106,1,1
0.7339861901078096,0.360057796526272,-0.3708748120129865,0,0
-0.7738609817411742,-0.4252184766835142,0.0502499113506204,0,0
0.1096409011734551,0.4847951306147571,-0.1936147137251983,0,0
-0.4582015792062246,-0.4603736029317049,-0.4710966531818225,0,0
-0.1436698129694528,0.9214197081793972,-0.5777717414174438,0,0
0.7875971910747936,0.1846660034545265,0.0811540490246228,0,0
-0.0226853369166661,-0.2526683884308876,-1.271865309830513,0,0
-0.1304861471820205,0.2562566767347214,0.3896621259524239,0,0
-1.1784389375930406,-1.5946934429533164,-0.4652045275134647,0,0
0.3910092728828065,-1.1874677225961965,-0.9882433504578252,0,0
0.3159171111335244,-1.2490478664181035,-0.489982486596284,0,0
1.4469418879471925,-0.0232058683594262,0.760813695603299,0,0
-0.3944428421372568,1.4343530322133422,-0.5524960111685414,0,0
-0.0017818677842416,1.8917143682420483,0.1023612614090073,0,0
0.0207476739516363,0.4307837119379588,-0.6958229041366071,0,0
1.0104095343844637,0.3049720144153486,0.3950419309812482,0,0
-0.2361032284932712,-1.8057585811318944,0.3419858708233015,0,0
0.0428334456605,-0.6518826863064462,1.194161788942384,0,0
0.2879072199787937,-0.8766364022908241,-0.288900435269641,0,0
-0.0260311910798101,-0.7235641972099403,0.3296381354460334,0,0
-0.4977672020498384,-0.308457198013674,-0.0884172931850063,0,0
-0.0204565348355301,-0.5871613590073135,0.789184778338103,0,0
0.6349676493412503,-1.969197758613464,-0.686940025831929,0,0
-0.930037258640528,0.531519128959941,0.3855782980534034,0,0
-0.066002678309918,-1.13792997739761,-0.3029189764834255,0,0
-0.6868119233888664,0.0650999300471425,-0.2072981152882699,0,0
3.042072041659837,3.0882905147684503,2.7432173511225586,1,1
-1.3001511039226297,-0.997307870266605,0.0245414139195748,0,0
-0.5815921115292855,-2.474426268180432,-0.245427193649736,0,0
0.1160037403859055,-0.4165293647007808,-0.0029538636294406,0,0
1.0015199970384374,0.8552479662659451,0.9959797682712408,0,0
-0.2140864394164965,1.641430235490675,0.5617460491305433,0,0
-0.578818281965168,-1.2817138535572736,0.4765394594205367,0,0
1.2367260304519048,0.3011710234038254,-0.4940317420076961,0,0
-1.244133064222139,-0.5809443231121221,-0.8117941507452022,0,0
-1.803614483983052,-0.2514270301626558,0.5396565158778126,0,0
0.162803481444756,2.270454576152426,0.4815892069606572,0,0
-0.5392150270273426,-1.5324271576712054,0.9187210331254664,0,0
-0.9261008149053424,0.0783891092013939,-0.6027909300353257,0,0
0.3627687852331091,0.2745739073082389,-0.3284537207988179,0,0
0.0165873103430245,0.8413347906101076,-1.361479217019507,0,0
-0.5854348859841244,-0.0644319131869186,-0.4478230427466021,0,0
-1.1191579138212286,0.1281895009959289,0.5698940074369162,0,0
0.4850548338353906,-0.5134000099871611,-0.5020588295130517,0,0
0.3194321617453467,0.0924984844925507,0.3089949903654122,0,0
-0.2389948058596557,-0.4689679843748862,-0.2998459952677808,0,0
1.211002077311302,0.4156730891039947,0.077159715480031,0,0
-0.9625047135189584,-0.4931920406573652,-1.001154598989464,0,0
-1.3018935523802493,0.1915048059294429,-0.0978381033122119,0,0
-0.6806918822574014,-0.1811101782211402,-2.351801662953186,0,0
-0.1990602811484011,0.8782548212770539,-0.2972032722077467,0,0
0.0162435814950651,-0.2014031291797098,-1.3548771356986915,0,0
-0.3448563935215564,-1.7800607969052265,0.7233338893219763,0,0
0.0972574281158632,1.0028420444762238,0.4093184855747231,0,0
3.301341764527061,1.4544449499020355,2.9504732998979453,1,1
0.9107863038733368,-0.75374905573682,0.9541353174845852,0,0
-0.2263082103203282,-0.7004696006325115,-0.8555170810803476,0,0
0.6675056100669625,1.1060142006463536,1.1199815713381187,0,0
0.0903047843662016,-2.112585360719533,0.5227251173497829,0,0
0.1752770155265131,2.722882754609862,-0.3335873097578745,0,0
0.2594937661202809,0.8140742934019386,0.6717722984095648,0,0
0.168537041797287,0.0504214308192243,-0.970823379844716,0,0
0.3138593324424644,-0.204612710275845,-0.7643704943812366,0,0
0.8253787328684189,0.1075613543990667,-0.6061679036421058,0,0
-0.0186448504439816,0.3235658958412987,-0.547838114042474,0,0
0.3632511532558019,0.4373531902569503,-0.934383116325224,0,0
-0.2319601024599417,0.3551842206868906,0.7358542551971229,0,0
0.908068312721467,-0.0721365650673114,-0.3499253282778073,0,0
-0.6691297143601938,-0.3352272053741267,0.0980028301653497,0,0
4.111620038109145,0.506176494217091,2.602140254948547,1,1
-0.1950153503509342,-0.3329988871017607,-1.494180809738138,0,0
-1.2312869142567109,0.8853335387312612,0.037595469144969,0,0
-0.0696282123341774,0.3899845645842992,-1.561331765531646,0,0
-0.6726018112764524,-2.850468725923524,-0.2105554954895131,0,0
0.4613475792649044,0.4471509820948063,-1.1628001872775435,0,0
-0.6514178394788966,0.0242858453551517,1.2957598529466856,0,0
-0.4975807698576414,-0.1714326291777243,0.5074643307237992,0,0
-1.57315367114768,-0.5105298497935988,-0.0827857632535113,0,0
-0.502143472596964,0.8764782012738291,0.7656181878331046,0,0
-1.971336515086629,0.7145573274191825,-0.7803441553135814,0,0
-1.3453958932311512,-0.862968259650843,0.2379251414886024,0,0
0.4015619508694702,0.2189692121796857,-0.0138727461380916,0,0
0.4204789291011157,-1.0452388427438934,0.0331721029011126,0,0
0.1519558593257013,-1.4193193181106716,0.7719535045968297,0,0
-0.8856693788625207,-0.7289463545617499,0.3764101729834456,0,0
2.2218022716021766,2.937493637596376,3.1370091084449494,1,1
-0.1677746871246066,0.7196909516529177,-1.372764821488264,0,0
-1.02828987490093,0.3161963563315241,-0.8636715964609345,0,0
0.9552246348008988,0.5105993878353735,-0.2501748519916237,0,0
0.4887099541131021,0.3190323625772919,-0.0918573267186474,0,0
1.541308567442769,1.9114345297491253,1.507831475125219,1,1
-0.1450551059618733,0.241774009586461,1.6067079190478792,0,0
4.319376568441877,2.244451934629536,4.124330123052819,1,1
-1.686566954376114,0.5373702582691908,0.2808884696428277,0,0
-0.349283798860968,0.935897197079948,-0.1074893388104165,0,0
-0.6732967667777874,0.4952020088193183,-0.3157493544751337,0,0
2.501043644347687,2.615860038199459,2.67148562184848,1,1
-0.3745627531290721,0.8269972717097862,-0.1035009033905097,0,0
1.1745247627491138,-0.1785963082555168,0.0285800277204176,0,0
0.3124584540909391,-0.9629131082131268,-1.0700768062165438,0,0
-0.5907259901281838,-0.3038019731402585,0.084573945999199,0,0
0.2615918444805306,-0.837316545707436,-0.2740235307188613,0,0
