cpu_usage,memory_usage,disk_usage,anomaly
54.96714153011233,80.99033154879004,66.62410862512809,0
48.61735698828815,73.86950524369153,69.2774066464224,0
56.47688538100692,60.89445554880261,66.0379003950002,0
65.23029856408026,50.295948334416394,68.46019235180479,0
47.658466252766644,70.47334970420386,60.53192666523107,0
47.6586304305082,65.90228078132624,71.06646853686469,0
65.79212815507391,73.42789830041599,70.00602737681112,0
57.67434729152909,69.52757702522955,65.91455684465905,0
45.30525614065048,75.74329072979003,73.29622834216202,0
55.42560043585965,51.97147182659148,74.6878506881328,0
45.365823071875376,79.76091098451488,61.96220067815513,0
45.34270246429743,62.96399407038599,66.18637610716893,0
52.41962271566034,91.12891308937898,66.1542882510635,0
30.86719755342202,49.66218272865648,65.30048449445567,0
32.75082167486967,86.03945704747875,74.14737420965874,0
44.37712470759027,62.96866175193972,69.03086930613598,0
39.87168879665576,50.22872994578327,68.67742579344694,0
53.142473325952736,52.741712489185176,59.98068817796623,0
40.91975924478789,55.1947903770852,73.17709015104613,0
35.87696298664709,66.36248919602875,63.80370802573264,0
64.65648768921554,67.8425323205325,70.29966315133164,0
47.74223699513465,51.394499940921314,71.38688468979096,0
50.67528204687924,59.634681116085254,76.80329297919326,0
35.75251813786544,92.13405537917795,63.45589800440444,0
44.556172754748175,85.91314755151066,54.90243922089587,0
51.10922589709866,66.54485504511048,70.91924772376848,0
38.490064225776976,60.570052172523006,79.00255590755427,0
53.75698018345672,61.80046990077392,76.19473176469718,0
43.99361310081195,69.20276959095625,71.04829707637313,0
47.083062502067236,44.658111522023916,67.54181907183977,0
43.98293387770603,56.139351938649824,74.03561298318655,0
68.52278184508938,34.97123889183616,65.13226900147765,0
49.86502775262066,65.98834683907918,72.38178884678109,0
39.422890710440996,69.70793909554112,72.52735079583313,0
58.225449121031886,52.75220306550939,75.30104953749439,0
37.791563500289776,83.6098014493505,83.7983001945554,0
52.08863595004755,41.61351505496488,71.96207983589383,0
30.403298761202244,38.0343767968527,67.4551818714625,0
36.71813951101569,63.36677727839958,69.87212843904003,0
51.96861235869123,75.70647453918232,61.15462047555441,0
96.31111789281394,112.33882991673777,88.33351196341461,1
51.7136828118997,53.1167360569659,67.95358780943448,0
48.843517176117594,76.18021250146944,67.37955801032703,0
46.98896304410711,59.422372957489394,70.76177436016862,0
35.214780096325725,57.41059050088771,65.887900338089,0
42.801557916052914,73.25489906230008,75.60515333662235,0
45.393612290402125,69.78484317620129,70.00103532459099,0
60.57122226218915,36.35411764523626,69.95349839430693,0
53.43618289568462,82.14810524588844,68.36052641743541,0
32.36959844637266,80.70137031221176,70.7759534192949,0
53.24083969394795,50.61655947735706,74.12549132333817,0
46.149177195836835,65.93705300156114,65.6643489214455,0
43.23077999694041,67.41045279424108,66.70941755462371,0
56.11676288840868,63.910106487358604,68.48136985611667,0
60.30999522495951,51.7454226923187,63.27064538263392,0
59.31280119116199,49.92564948092922,65.90371070139251,0
81.22642391335712,97.21787269769193,89.62849040814632,1
46.907876241487855,77.59093528889048,74.37194590356364,0
53.31263431403564,68.15400231891648,71.31280664500963,0
59.75545127122359,54.44078501870841,70.96794955683772,0
69.57736263994295,90.00569590830224,98.94112626994425,1
80.89244302362005,48.365936680749456,91.20719370548598,1
38.93665025993972,77.23148550558156,71.95232424964445,0
38.037933759193294,33.904293318328506,69.48389123533752,0
58.125258223941984,54.563385878953014,71.32681174699815,0
63.56240028570823,43.20495158060784,67.08620671194208,0
49.27989878419666,40.57977786418641,57.80591420861786,0
60.03532897892024,77.41240181067779,69.32860418906849,0
53.61636025047634,52.98448198032163,77.1137406804997,0
43.54880245394876,65.19755822596073,74.63107701120796,0
53.61395605508414,59.29619131681224,74.82698742295585,0
65.38036566465969,67.15561240834683,76.18065360903108,0
49.64173960890049,61.15232836590383,70.44328795480719,0
65.64643655814007,40.755116637171454,70.98657853702798,0
23.802548959102555,74.94400229170711,66.91174052282825,0
58.21902504375224,52.593651252580315,68.41963571986476,0
50.870470682381715,36.651271520103734,73.0788557488557,0
47.009926495341325,53.578272585511314,76.01942218584408,0
50.91760776535502,82.51139685951466,69.302768621595,0
30.124310853991073,72.7533261317024,67.74905367574294,0
95.34404045320576,78.90056111295888,85.36192660288773,1
53.57112571511746,54.76113443522357,73.00603374464558,0
64.77894044741517,55.17547423173926,62.78072591933229,0
44.81729781726352,91.15121975341262,58.51909523431381,0
41.91506397106812,65.7290317834733,67.24731575254208,0
44.982429564154636,66.45062470786604,63.89643787042921,0
59.15402117702074,75.45425181047763,67.45929901176345,0
53.287511096596845,63.581837385397705,69.26109840591265,0
44.70239796232961,56.11436781268945,67.73375795488494,0
55.13267433113356,57.05475226372533,77.26233767235372,0
91.46880340250873,99.47010223098314,88.02390718738596,1
59.68644990532889,59.44166645235238,71.50237179805414,0
42.979469061226474,70.9144431545547,73.111035720217,0
46.723378534022316,60.77918828710949,64.30583441109616,0
46.078918468678424,70.98960115823368,75.19555893710134,0
35.364850518678814,58.78925129837126,69.6211785673227,0
52.96120277064576,61.17952785474136,73.35240308620607,0
52.610552721798896,30.026989732018386,64.64071383479923,0
50.05113456642461,73.74491512053723,62.23120616991968,0
97.59342623746505,83.87068960287341,88.85767392327327,1
35.84629257949586,74.97015164789478,71.88204763048758,0
45.79354677234641,16.556169327094658,65.48974222821245,0
46.572854834732304,91.32562057171091,65.65168459362653,0
41.97722730778381,57.90615557767239,75.62717392207385,0
89.02881413958664,114.54070637909746,89.00224123859337,1
54.040508568145384,44.401411093117034,78.21336476627982,0
68.8618590121053,69.19160857593855,65.49689632676066,0
51.74577812831839,44.198766552395156,73.19195962804191,0
52.57550390722764,50.64346558956292,68.35690762125508,0
49.25554084233833,88.71047030800179,73.01593715541172,0
30.812287847009586,57.1397639885498,67.27942998942903,0
49.73486124550783,63.26149309769584,69.18603546963853,0
50.60230209941027,73.05101596033131,70.2045958769786,0
74.63242112485287,67.43522831958907,64.98906272109264,0
48.076390352188774,62.256283577153646,73.70412172710063,0
53.015473423336125,65.47441503699338,67.43393216764207,0
49.65288230294757,96.05123377857413,68.85700042329991,0
38.31321962380468,59.13571804449622,65.02825312695744,0
61.42822814515021,63.016485700724516,57.18833170602345,0
79.04524648158859,101.0211672385189,83.37287927346671,1
57.910319470430466,76.58288899436975,82.06307710806458,0
40.906125452052606,77.8054545834057,73.92302143949011,0
64.02794310936099,69.58095333043777,69.90369810132803,0
35.98148937207719,42.854926309042746,68.68554585395866,0
55.868570938002705,84.50147298451644,70.11232946406024,0
113.75265928299717,76.97411413736785,98.49169377980411,1
40.09463674869312,64.5395319785855,64.09593592345577,0
44.33702270397228,48.68586224970963,75.57160847334436,0
50.99651365087641,59.03792480110511,73.57690657720622,0
44.96524345883801,64.9314361545522,73.59092862853967,0
34.493365689338674,64.8203582317541,72.19237869404864,0
50.68562974806027,66.32881131352927,70.09808328846995,0
39.37696286273895,84.20566903587971,73.3643061798341,0
54.73592430635182,66.8030145227097,72.95907066870689,0
40.80575765766197,56.33765047064027,68.22979644529488,0
65.4993440501754,74.46130752432536,67.13199113551549,0
42.16746707663763,77.8420573338696,70.50928147630994,0
46.77938483794324,41.58588277294511,77.74510075747594,0
58.135172173696695,68.96100104774787,63.804464621730496,0
37.69135683566045,70.51759113466348,62.6623736712378,0
52.27459934604129,55.53654744960012,70.82380420618259,0
63.07142754282428,80.6356021996743,70.25443850928009,0
75.36860232735467,87.97120553993847,89.11315609873456,1
51.84633858532304,61.88364680207313,71.2197659895425,0
52.598827942484235,57.40392263574196,68.88398872682598,0
57.8182287177731,60.23368571372201,77.44931719301042,0
37.63049289121918,43.55587369657197,61.995480107617425,0
36.795433869157236,38.39923676108559,65.85751487609878,0
55.21941565616898,83.91757594837458,69.48372619925476,0
52.96984673233186,47.29557977522508,61.784055944229166,0
85.31486182664472,60.047236214616106,91.48598261900571,1
53.46448209496975,27.699148295944276,78.3073508286401,0
64.85167248786954,66.2349745649681,99.13710579877647,1
52.322536971610035,40.153653098887524,71.15350452859342,0
52.93072473298681,84.63022740204553,63.6991761741371,0
42.85648581973632,75.1472563401395,66.91819295980261,0
68.65774511144757,49.67774482233414,68.12401809838032,0
54.73832920911788,93.78653708016463,68.41142451621883,0
38.08696502797351,74.72648230487391,76.40821897501884,0
56.5655360863383,55.12752924737066,72.78845530362562,0
40.253183297726785,22.508914276896405,64.44271021531483,0
57.87084603742452,94.36413858886112,71.23252389216002,0
61.58595579007404,39.15641299854606,72.49110874248393,0
41.7931768164829,35.31901879564663,75.70074519260633,0
59.63376129244322,75.3385564801446,77.90270343284186,0
54.12780926936498,96.59628609508908,64.92452904086066,0
58.2206015999449,80.76409227765777,65.94571244394831,0
68.96792982653947,68.4586368007854,63.712110705426916,0
47.54611883997129,68.92131512497929,68.82990070446509,0
42.4626383564251,72.80123338170462,72.33179187223168,0
41.10485570374477,71.38392884680148,74.9366725829455,0
41.841897150345616,64.21787135954064,69.62024488178739,0
49.228982905858956,61.56301655927814,68.40076238372578,0
53.41151974816644,59.06110308150716,70.7587899612437,0
52.766907993300194,48.690531166999854,65.82428549184988,0
58.27183249036024,55.78987384699839,80.44769360847387,0
50.13001891877907,34.605647787069216,61.96169486440971,0
64.53534077157317,58.52490559807875,70.92370289447862,0
47.35343166762044,45.17113339273624,80.1180310961482,0
77.20169166589619,43.44616024176344,70.03399922279999,0
56.25667347765006,62.698412267302174,69.04980482499253,0
41.42842443583717,80.880034295169,68.21277288594787,0
39.29107501938888,73.7747490900347,69.09804159118796,0
54.824724152431855,36.442490945652345,76.86424237338265,0
47.76537214674149,45.15557795144494,58.940690443352466,0
57.14000494092092,74.11156781982324,77.66716850648163,0
54.73237624573545,45.26268909692536,62.88021423774927,0
49.271710873431275,56.63050275004463,68.66673835382792,0
41.532062819315954,68.25078148536828,67.85377789850669,0
34.851527753141355,45.47483317704547,72.9427663488536,0
45.53485047932979,61.580632592189396,62.00937824058126,0
58.56398794323472,39.989617576226934,72.31086333040972,0
52.14093744130204,50.9794853407318,80.12154811643427,0
37.542612212880115,64.79672901213806,63.18412997703595,0
51.73180925851182,36.105093997024966,70.94853083805198,0
53.85317379728837,66.60712106940599,66.69008911101696,0
41.16142563798867,59.70543301609978,72.12943603096518,0
51.53725105945528,68.28734931625722,70.09573888707877,0
50.58208718446,63.358712010969924,66.79256545477845,0
38.57029702169377,80.46210644960766,72.43936142435537,0
53.577873603482836,61.87836753971861,79.02174054893372,0
55.60784526368234,53.558916883121206,69.0454810413635,0
60.830512431752766,61.83446254548426,73.5987897107409,0
60.53802052034903,68.14947043554582,63.53363521064418,0
36.22330632042909,60.732901054885566,65.21781811590995,0
40.62174960084877,60.608875368058236,72.36203138940189,0
55.1503526720866,49.47012468289867,77.42058014267982,0
55.13785950912209,50.05648623673578,71.7780667439283,0
55.150476863060476,38.96092092300459,68.43470984738423,0
88.52731490654722,86.24365114780409,69.99645702711678,0
55.70890510693167,41.34205146913072,63.74796133015141,0
61.35565640180599,49.60642203306139,73.02257663177683,0
59.54001763493203,49.22389101646204,74.41166531161704,0
56.51391251305798,73.42386565416662,67.7395483358346,0
46.84730755359654,55.57575482561958,67.6497892612025,0
57.589692204932675,78.716131090106,71.32939114826024,0
42.27174785462428,49.897640636341976,67.81640131979702,0
47.63181393259991,64.18491243335703,69.66933692687088,0
45.14636452170897,47.46979420110364,80.49860894583257,0
50.81874139386323,92.17723691660083,68.76487149627002,0
73.14658566673509,42.18602371455731,68.20829923989389,0
31.32734807408252,64.64731065340541,66.7622909718242,0
56.86260190374514,69.50665321398148,73.72095985749968,0
33.87284128810349,66.20698646177247,69.09387913390948,0
45.280681342105666,57.220685116834375,66.75313480839287,0
60.889505969673664,58.05268950399861,76.60652016136505,0
50.64280019095463,60.657172079686646,77.09801502256819,0
39.22255222070694,57.79496997557267,66.99788217130647,0
42.84696290740032,74.45818675192365,60.66730024319692,0
56.79597748934676,93.15784502387027,75.0375684491846,0
42.69633368282864,51.637623224882496,66.57685087119998,0
52.16458589581975,39.45295530631383,73.95312799581384,0
50.45571839903814,58.67576927473118,60.14948091144082,0
43.483996523941826,98.69564006481477,74.46298669149655,0
71.43944089325325,47.944881480454036,63.9441403535961,0
56.33919022318011,84.58675208166102,73.65382059533262,0
29.74857413342393,85.1655122111466,70.07136533918217,0
51.86454314769428,51.69617637438008,65.23030290301678,0
43.38213535231612,68.53474618777913,67.9648184353661,0
58.52433334796224,84.42594934692806,73.4315922847835,0
42.07479261567299,54.313083885187694,70.52947226557617,0
48.85263558533101,56.946294598464576,72.92206490236242,0
55.049872789804574,51.274786290770344,79.88220292257742,0
58.657551941701215,44.778649039607,62.17879194144474,0
37.997035929442234,50.26083682400989,78.08606287484312,0
46.654987641590516,41.64089599856615,70.52177968761606,0
45.25054688839044,60.51125202388839,65.50607975838436,0
43.46670767426288,48.450401534120374,63.34843187130505,0
67.65454240281096,63.50678867686121,69.05439804611483,0
54.049817109609556,36.66156530694559,74.60825055962229,0
37.391160456649544,64.96320348321686,69.36225439811233,0
59.17861947054776,72.50293442413387,77.55577465123673,0
71.22156197012633,30.093965361428168,62.744121549742204,0
60.32465260551147,65.61084854771359,69.93955526076972,0
34.80630034045987,78.41503488709938,63.73803277793441,0
45.15765927133749,41.855384719631914,71.81815941312485,0
62.669111491866225,85.08858580256555,74.4344369504865,0
42.92330534381219,66.28528514049067,67.89619103159474,0
54.43819428146229,49.424822163623865,56.978930716864326,0
57.74634053429337,59.16346383513441,70.99474073398247,0
40.730695284219166,68.37490368782584,72.18369275866755,0
49.404746439382,61.14008087118617,72.02147377480848,0
17.58732659930927,68.08133988669553,76.17891095911077,0
39.756123586657104,46.1898961038095,64.64473160175476,0
47.4743184860684,62.54041236054117,73.40108052725225,0
87.51635850713062,64.25394674323086,99.00368203892643,1
66.32411303931636,58.33160907976949,61.10706207996742,0
35.69858622039367,46.44138537802815,71.59825912959488,0
45.599555133030165,48.9670508611535,67.47910084496164,0
51.30740577286091,78.54139762815656,69.59238663449177,0
64.41273289066116,76.36965180891403,71.73838241769168,0
35.6413784882056,69.13707181360766,67.56385717943223,0
61.63163752154959,43.61530852991132,66.62145960419194,0
50.10233061019587,55.25387325457797,70.17076208744012,0
40.18491348952049,78.19646549968775,64.56377030568599,0
54.62103474263271,62.12575370459857,64.57087435557408,0
51.9905969557347,94.7899430997254,73.39686641478252,0
43.99783122841205,65.89976759091557,64.25602982420672,0
50.69802084990019,62.880736747350475,73.33156250454606,0
46.1468640313824,55.363253036962476,72.31295646426976,0
51.13517345251248,62.00311357173423,61.37096635604702,0
56.62130674521047,57.712952454291845,66.61217673832172,0
65.86016816145352,70.62163015032885,75.97054701523686,0
37.62184501173151,74.35053475191876,65.0941723443016,0
71.33033374656267,48.21015809238076,67.67797868845307,0
30.479122004774982,40.03150569663333,72.31030446625948,0
48.482149049644164,32.456919403450556,73.91695254641297,0
55.883172064845766,67.61986990368815,68.74230556977753,0
52.809918677350325,43.449500907391894,67.01244902654179,0
43.77300480179406,27.706641105712755,77.11184930849254,0
47.918777496427246,65.82867906796446,78.6944983189879,0
45.06999065341167,97.39499276149186,74.89429025390898,0
44.106352430557884,59.9089363269016,70.42659071282512,0
58.496020970210246,72.57736161677462,65.95867139179536,0
93.55278962689351,91.22930702456321,96.95119695013274,1
43.070904047393455,58.51665520213286,72.61257052632878,0
58.995998754332504,73.78614724481653,72.09199110444342,0
53.072995208766095,55.64588183717023,77.00799296473215,0
58.1286211883896,64.01088471107855,73.25225046268069,0
56.29628841923612,64.8254670929402,62.48459849120091,0
95.0792542664264,79.74839465088925,90.36812705065488,1
44.39818959803031,74.88063524304785,65.00969686342793,0
57.472936051232615,57.37560364956887,68.08014364023825,0
56.10370265433465,48.66382260760733,71.25100103125847,0
49.79098406035852,68.04764765355606,79.97833744891982,0
51.17327383308782,46.52298027313444,85.5495927800268,0
62.77664895788425,60.42271736053692,73.03361529568092,0
44.0842861116417,59.86321505033695,69.08401690639806,0
55.470973811700375,76.28843348747367,72.67252824240275,0
47.97807347566106,67.12047349319928,74.43827712936918,0
47.8231879677278,59.624595618822845,68.39666187221404,0
60.9877685198719,72.26649448800431,78.97605677956162,0
58.2541634898803,80.8531132352597,71.15035379595702,0
58.135096360006386,68.36715459527794,72.48871544545698,0
63.05478807154329,60.15528929765071,73.3296212602723,0
50.21003841632759,40.32245651474761,72.10793305307227,0
56.81952971294964,44.02329505386941,74.19470250234806,0
61.78898242005093,78.4162611545846,84.78239128388326,1
53.24166352488442,50.85731696761076,67.20849123026984,0
48.698569456323156,57.19543045521831,64.49922883514152,0
50.96995964992718,60.849748873456605,72.19750615310113,0
55.95157025436914,67.94539131535096,73.89468251756057,0
41.81779316766527,58.94251832911363,72.28886433075942,0
70.9238727568546,67.29752465739303,78.37246216673769,0
39.93982618500298,60.9671162221518,69.97201990585476,0
37.85811387212268,30.368001504691932,73.34370827796256,0
61.581108735000676,45.90996909271868,64.54149561930343,0
57.91662693962936,57.83868666417577,68.064501487628,0
56.24119817052155,41.85457885738339,73.47768878782888,0
88.38332707183204,81.2046364614268,92.5748283114165,1
49.87753227153085,82.96126248515546,68.53016526167909,0
41.02745628514168,78.28142777545975,69.64200374070967,0
50.75804558193726,56.79835693604688,62.410631266595956,0
43.22838288487888,82.36089205274928,68.21485399596695,0
59.75119733417751,62.23001185803167,74.45191581759893,0
48.52942618497861,54.94371043322941,72.87602508053283,0
41.745028032074885,50.7989600468859,72.50332860690605,0
46.78614158347007,55.462954702678076,70.2488684359048,0
54.12931454275624,54.17734772188157,70.03531579314088,0
44.36275447196025,62.55624333563232,66.69839430263276,0
41.77779604433569,62.40860971574797,73.49414210101267,0
52.436872114919126,60.04569030230122,72.10486472194695,0
52.44966571108723,66.55407254619524,72.460094239964,0
44.9305682462887,77.85969412179512,67.3698257866621,0
45.289616943816775,74.24331203161985,59.23328540064378,0
52.32049937357636,37.726530473251444,75.48576355876848,0
76.7147258310116,48.03318624853566,93.75468384256766,1
35.92536225623445,74.01479866858911,65.6861211797844,0
42.81555778747564,39.49681952376868,73.46739455956997,0
47.86552848288153,56.62851897160975,68.03993680040435,0
53.10907565598005,42.448304609109606,75.29968192023311,0
64.75356216949552,32.970293436299706,73.08502974788348,0
58.576596232020194,68.12194092307182,73.4178466160024,0
48.40061470036573,71.3873274045397,63.17022144399733,0
49.80983792097311,51.35234398909921,76.059719926932,0
39.97470635362191,21.134365617826354,71.30625265616928,0
49.8148686400761,51.806333276212754,68.15361430376899,0
47.11341361079862,65.8770600810382,70.71694233671126,0
53.227185603380896,37.81632646838807,61.1188238355084,0
41.727690564476774,62.750398796687335,72.04326405740335,0
55.193465142411725,59.77035226240507,64.85314245908964,0
65.32738913002578,68.68937249401633,63.23664857078233,0
48.91239851543143,61.7937055262123,62.38820406891055,0
54.01711722098941,45.40396588677667,75.56344187494963,0
56.90143991711113,77.94857252496737,66.85368303153605,0
45.987795281141636,57.62205640459545,77.6686385495825,0
52.24092481810417,59.590431907351025,67.32099268473851,0
50.12592400781795,46.00098061390206,61.463210212035264,0
50.97676098548832,53.35076623212734,64.4173778002567,0
42.26990216144534,46.727959289596484,76.1790581000347,0
50.245101742589426,57.405809101148655,69.22050911031667,0
54.979982912454496,85.67562720213516,67.25856351754699,0
64.51143607795042,39.421482856029655,70.80009112926393,0
59.59270826085207,35.79657903184888,72.50891368083772,0
71.53182457511556,82.06755491240412,75.58699407951231,0
42.326524371119504,56.86014484272201,77.24249614946463,0
58.723206367206785,49.963908920101254,68.20115677105457,0
51.83342005738352,75.59857031094114,63.36976156958981,0
71.89802933217672,50.91576690394704,67.93267419438362,0
41.91701714644849,87.39014570320404,71.30140253291444,0
41.602781578192236,70.16888807008904,65.18120536894695,0
44.00607354555978,52.68132887781446,65.21424542552478,0
28.76104275690193,92.35962319898255,71.71893940774943,0
44.74244978319239,50.914276154949924,69.75673824214775,0
42.40867338446302,71.13143058013961,70.16398497705794,0
51.50393786476208,64.48938870609737,66.20752332649965,0
53.41755975777159,79.52611934098198,68.84799642897116,0
68.76170839215887,83.42266795090279,65.37883427865847,0
59.5042383818605,60.4800622359865,74.45099205562393,0
44.23096344337597,48.69873194480725,75.17624667361876,0
41.01585328651642,66.89958214408675,60.76906068880953,0
96.91934022678254,80.5918628857022,87.24159180514873,1
36.797667929793576,90.20080871289935,62.51735372454961,0
68.31458765854353,62.04802996624106,66.74988032796551,0
61.79440120721287,54.52017673031837,69.58281015104819,0
45.30824347895295,62.77020458797362,62.75177390150735,0
32.868654709091224,39.793105657054554,65.39070093437343,0
63.538723741654124,45.42578942234023,64.98021313959251,0
48.85460154747382,78.00620861916639,71.03633664699473,0
62.378163119734616,50.14658581542906,70.34672168518125,0
34.05572341205633,44.296335259770906,66.39131223331373,0
44.00624977046227,68.04979128790929,70.884104360697,0
50.05243699718183,77.78556231994496,67.26659957706367,0
50.46980593764742,70.784299659976,68.64172444836973,0
45.49934528520756,74.94071528708724,78.36726045149268,0
56.228499323474985,48.64807367145809,76.70230525895174,0
39.32379570617405,38.67283999887235,63.50209381536201,0
48.576205149787064,82.5200047793323,74.14866208939587,0
51.20295631711899,55.15980241736796,74.05698277245796,0
55.14438834058749,56.23750475317429,64.2586835562369,0
57.1161487808889,79.92291212773587,74.09388821877431,0
38.75357908162131,68.3434501410099,77.68965959206277,0
34.65885829264378,66.83831658122412,64.38727596877793,0
62.77676821898509,92.47503517351626,65.41248589492868,0
53.323140119795916,50.347226544297854,75.08830733421752,0
42.51513463443446,73.91760192121856,71.35747655412824,0
65.51151975522524,60.855196873456265,72.75738137619761,0
51.156746342928585,64.02888418294886,71.70294608200248,0
61.792971840638266,82.92702639618798,71.95347960464072,0
50.67518481410109,67.61753634434436,63.367639358444585,0
70.60747924881987,68.07444118574449,75.23658853310724,0
105.27452860892541,117.59368556557772,95.89209065347585,1
47.51035851520926,54.52570905685672,68.85304627965986,0
59.71570950954356,47.4118549899149,69.78261525093069,0
56.45375949585147,44.327862089684494,62.34446248722139,0
63.68631557532349,30.504651159359973,72.57127378008917,0
40.35076539419896,90.84310694910484,72.86028720857072,0
56.86051459998439,43.451874514174754,69.68904491500345,0
60.58424486849588,56.68119564621342,75.62176679935251,0
32.41260513576886,55.84780050166619,68.3296138451003,0
38.16741487334225,64.61110046713651,72.823029629468,0
29.607678222398995,72.23605818808946,64.90167830653942,0
47.305931655554424,72.90710232539618,69.88223924562881,0
57.17542255795962,51.25383842146592,69.12822871048581,0
65.02357052096028,57.49317429320383,71.1265396102047,0
50.74094780419775,64.2386992573245,68.15236535583321,0
66.28615545571292,56.2696331072468,69.34263702164166,0
36.198985417851084,84.1101836402999,74.13023585720754,0
32.96617560644845,67.36462427457377,67.81617881380892,0
49.44452301103381,71.02316679074727,61.96711449630661,0
53.840654489393074,69.94321903001119,78.7479195210271,0
49.67305251905907,77.60210786227987,76.90727039345244,0
29.325578999601234,62.7153233805556,63.538686524471906,0
49.10879960487212,40.5475207806623,73.44853902622597,0
36.95530499495147,65.99531927628962,67.48512614724328,0
104.96314084219935,65.62039720660599,96.56740691390814,1
53.66598246096848,52.07074977375365,71.47112064506747,0
40.60120213672645,68.7954602813264,68.82796099841839,0
44.861330826633065,78.57424607150453,66.08117167206802,0
39.40786478111048,60.319073651040924,66.5472947384187,0
49.37320902726828,64.63249518898445,65.41904042259378,0
59.551423205012384,85.53322416952857,65.84088895884777,0
40.14273953664456,63.61129769232853,69.66410854975322,0
55.040465155178445,99.02524671270592,66.42120005444625,0
44.69742381627559,68.48264468447316,73.4102603285631,0
42.07127167737656,33.58855861266274,77.43623077667964,0
48.929696400454425,71.30012431656799,67.09973379314978,0
39.64757677580626,65.71737577324167,71.19702250267689,0
44.46350694652818,79.34629131124119,72.49842555151467,0
38.021221074111516,70.09772026904938,72.36001135459637,0
69.6472513291639,57.92316024024339,70.37977633958043,0
50.35263551971729,41.635526455659516,73.71341209179862,0
43.00274492007414,56.86465114070962,72.41124476340329,0
52.13979910734222,47.2421931868605,63.81168788836351,0
48.8767195030917,51.29214825292916,74.34578032194636,0
47.79030400466777,68.82867606630914,74.4364541863337,0
56.14166700043425,85.0485675652711,66.18356947910709,0
57.57507710047305,65.92007294734472,70.18968917723801,0
91.18996217248711,66.41193495915148,86.4895036234829,1
44.2418175935532,66.66904002330212,68.9534309021032,0
47.24948302848356,77.94947229968477,75.36489023883006,0
26.98078835264415,50.85325643520927,81.8193624730968,0
34.84808937801448,57.989742499906235,66.07006983682508,0
63.66874267444525,60.22032292093795,63.094776984231125,0
66.44967713501283,48.2265253037664,71.51909297802437,0
47.50963960443622,69.72420650765788,73.60781252563072,0
55.765569630557664,58.18577777088328,68.84566813077616,0
53.112501545435364,66.29298665860541,77.26630331660517,0
80.78880808455239,46.6876173329685,63.30697100138376,0
61.195749114345766,53.438125495148846,73.46459311515805,0
48.72082408519233,70.83572036741657,66.97069589620553,0
40.44459559399574,54.4075027186235,78.59688953103648,0
33.93553679742428,85.90445776850108,79.9625767658406,0
52.03463635867223,54.005457215780964,66.16671706108326,0
42.436492547156966,63.37027088627829,67.2522143204571,0
35.77746290402326,73.98886247809635,74.297939434899,0
43.534271157574736,38.724514006004526,68.06434675105243,0
39.18451996385605,33.587867820288366,69.77294391033881,0
66.87141635072564,37.11515528144858,70.12694210271205,0
58.816397569494505,78.93876155140774,60.40163421901172,0
49.92027358683383,51.7221278116133,69.93081126952882,0
64.79944138890026,98.37298928502378,66.55136112967914,0
50.77368307647618,51.53628602013917,67.53438588800114,0
41.38715798671736,62.768269547955555,77.21816001734408,0
65.23124077269657,83.13164928851813,63.71746552860372,0
55.38910043684659,90.09139332238684,74.06602593373988,0
39.62753845673544,90.92255364954596,68.60518534834095,0
48.09661321916392,78.12549345889714,68.60119915752082,0
41.24381746615243,75.36093788717193,73.95185948025856,0
36.172002690356635,68.88790423801774,71.70025647284446,0
59.26177547531641,71.67541614249957,72.85306498609765,0
105.49310687831942,89.59033434804009,91.76498492408626,1
36.01432426180859,47.72701674866539,68.34345808408338,0
55.62969236690571,59.94938313883572,66.93881632746125,0
43.49357430878173,57.447230662126074,64.57424736721102,0
45.12874616235304,53.201579260090874,65.87294735010522,0
44.07606075761131,70.44581171185072,84.74547212654363,0
77.72089836830547,108.56170187312783,100.18982492950956,1
50.48521627944827,61.32610329437771,63.24462816895989,0
86.9161180446429,107.14925849915073,83.84321454931276,1
52.704568257798385,42.87466328799742,72.40933030859246,0
49.49761890550863,57.095108110804226,72.73632398688983,0
47.6105195313359,49.247665190957925,72.74441917658682,0
40.92436337958402,32.0019507439041,68.72522103223152,0
44.23228669431667,58.75978971235951,69.3727286999855,0
57.55391225825756,58.17378737425075,71.63939762079679,0
55.009171876243805,82.70174614863197,70.42946503146665,0
40.22444755201449,69.46217526832166,58.90349813626233,0
50.99332305429226,44.63719763506192,68.85100184712402,0
57.51387123371789,87.81138849501282,65.74296782869843,0
33.305947188786284,78.31550543288029,70.87605709454256,0
55.43360192379935,68.73146555202923,84.92629501301705,0
43.37376241054153,56.60273851725252,71.83740832737152,0
55.70598668593159,45.6084114491478,68.432351569138,0
42.367408434574834,54.416898358934205,74.60900750988625,0
31.95117899335481,76.33122929556279,72.41343943604606,0
33.72457562116837,88.26879458901914,72.10047245225921,0
50.48084946661382,83.14865292408284,73.03425296607836,0
52.59722501721482,52.667258673205886,80.28271782414771,0
40.956833748955916,43.205738500664836,64.34555782337043,0
56.38592458777374,62.113293703668056,72.36816038405728,0
33.3847993773104,33.473409516557226,65.3680943500923,0
49.33920201352684,64.84751571277172,72.77756323171124,0
37.889838002375434,57.78596120551997,65.40656744256952,0
43.48163892197841,53.00945247197637,67.91316593197458,0
50.47398671316414,36.07945399099807,68.52455042881047,0
41.39586634716048,67.70400159854574,74.87908359672355,0
46.154444557701744,52.009487405071326,74.59227221971207,0
111.88858536275312,65.16446679488777,90.80531739670826,1
44.23108130476851,16.916066800775262,70.27467055499925,0
58.35692112065142,59.58727642424046,66.45210072625413,0
38.702931453423815,86.58377395004617,63.70747544662333,0
55.298041779152825,84.91888821821806,68.91491474787814,0
64.41568620657901,53.14355615120592,68.4575860577209,0
25.283554998727105,50.966819094573296,82.13358243172762,0
42.03104744529523,67.03161384112536,72.16479912680349,0
81.0283484828513,79.53313216430078,83.82074179103421,1
47.96954613957007,64.52687849729199,67.17612997914529,0
53.71145873371309,71.49120417577035,75.106916477147,0
43.960148132841795,78.40399835826462,80.44221386434963,0
50.865897874729,58.49768885280071,62.07008343881021,0
48.44322764607921,56.94489374734551,60.60037807430477,0
61.67782061659807,46.830261198651584,79.35482587685891,0
52.54420843301213,47.5967946894021,71.94807088685452,0
53.37602662075202,56.602816621477096,65.65853634061817,0
45.881230338775325,65.51048260224267,72.67314543061218,0
45.123937759275066,73.70376939349875,56.82126130491561,0
45.67441812180379,47.95231573979483,70.0168775329858,0
53.944521423782966,82.39032853439282,71.63910586421542,0
45.79015519179737,55.93314598436147,74.62135069768915,0
52.89774856896413,59.67949058477346,64.93052023853731,0
70.75400798645438,48.79182481278265,70.4284358070168,0
58.711247034316926,23.636396095905873,65.37287686970207,0
46.73976467832159,73.26068094541574,71.27691877837158,0
62.012139221639444,71.0526584563865,65.52326838818487,0
45.91924626978449,55.780086643226795,67.9594958041989,0
29.61875464822146,61.00486075837308,65.02092302604885,0
39.91913689082596,67.73908826556149,73.25568120911828,0
31.292080789741444,36.56181214670186,74.29225558328332,0
46.48486515958692,52.06420983980558,68.82689715021293,0
50.184183791895514,71.9139701943274,70.19118997480014,0
66.76437312275283,41.18565865246126,62.75704292683228,0
53.269273737641626,64.40336898249944,68.50161675996607,0
47.80899471191136,39.65127293064893,69.74897691479127,0
58.294055811834895,66.9964497365029,83.10396545514988,0
27.88864690992115,59.465377765537745,64.44016487112918,0
52.356145581085656,35.77302276141736,77.32088619376219,0
57.708651938869664,77.47109031685757,74.98429386732904,0
35.214137542201584,48.981126348029264,71.40318202245068,0
61.43754043206929,47.84621344478428,78.79310242097567,0
53.38496407494414,63.008537958464146,71.86052736303431,0
45.847120860991986,77.22956024143073,71.94579597833965,0
56.32781866106285,44.762672715324044,69.73439673491227,0
72.70692857804396,60.92519774771957,76.11784441209313,0
51.81866255058495,66.4322475049586,75.48234616905442,0
52.48220586300336,70.39658410894717,66.87161356251895,0
45.40639100459756,62.64662332915838,63.40376402700616,0
41.50155630535208,54.494582413750166,68.98509681302171,0
58.303358165442454,47.5861466902692,65.99980717801176,0
41.43916174091133,61.292158245695624,69.68237712692323,0
50.715662372193925,43.9179148202159,76.1871906734207,0
45.223425532348834,16.17974274758089,67.71349172456605,0
54.78979825746392,66.54839706236501,69.78588309344212,0
53.33662105286948,73.55902261629294,70.29011367404198,0
60.375399442578995,24.55601346687242,74.24215441102642,0
44.89983601145253,44.854039429350934,58.765553330076976,0
47.30125064706629,69.28731391507796,66.96649852617351,0
40.21236284217693,90.86243204567548,71.05641846139736,0
45.55706739923888,60.31190561513112,76.00039478213431,0
53.77300493044852,49.07995588156298,67.54048776246897,0
57.56988616645352,57.256553383427395,60.617236469790626,0
40.77834675822375,80.62314628722277,73.09855722983067,0
58.6960592010566,50.310537313131974,66.82318805587185,0
63.55637858804951,48.0121199002462,64.0516667045482,0
54.13434903223701,52.758847167269515,66.87827305143388,0
68.76795812558066,45.70007087611931,69.07737321172075,0
42.26210800896427,61.84005473992193,66.97627667730893,0
37.55345296688583,84.3701768770434,58.97216971450465,0
32.212797510957216,64.84618909674043,74.48533098443566,0
64.96044311489183,56.21469746810568,76.37437520639361,0
56.54365656354058,55.62283096626684,73.25760995669754,0
49.44415329089545,36.552137869550144,64.31157164787592,0
52.799686263198204,73.24664665720738,68.99254233026241,0
38.74510952701623,58.83244204480797,69.96739342385271,0
74.45751979616827,57.29280129614062,72.99397194780956,0
51.292211819752275,107.8966135176729,73.3417024435904,0
51.09394794604893,64.48129362548529,66.32913100610752,0
57.25766623898692,48.72313424857224,70.4099777820678,0
54.810092317367136,53.60463605691685,72.2864020230762,0
52.23884024279131,77.22668563795132,77.27911161073384,0
42.09525544554688,61.69905615806647,73.52253269912362,0
54.714683571359956,38.4258303252395,73.94528343687759,0
68.82024496475034,73.78843401862805,70.4191331396468,0
63.454200461549775,49.97783871691509,77.05229572601752,0
65.93186626639397,88.09946664326318,72.04881397979749,0
44.88784323568815,76.20072098571973,65.69456044913215,0
40.10395179741419,53.29017156511873,77.01684985062596,0
48.74213079900352,79.2152454260267,73.48951636269514,0
50.557249122886944,61.01783265791105,67.78477989435758,0
60.94191518470949,72.79160512683329,67.60253516300378,0
33.07535370285181,67.27099225941713,71.48287772570382,0
65.29550319460614,47.3046501751369,72.31592397633793,0
48.419921014210104,50.346752515238066,70.98646132815603,0
45.7311893005258,75.44941226371742,71.55654336721443,0
39.87895624739832,54.97837001840189,78.4997868728819,0
33.451433281342304,53.94527305137005,75.35771576117443,0
58.231705839619146,45.673161309759706,70.95317795632512,0
50.73317967188404,66.35398598390192,74.70655290383742,0
37.10039100258946,90.93787378864718,64.8373804823623,0
37.04921227936384,43.9870062861859,71.98963524973405,0
46.64215300709872,60.36329185009137,79.04653174866556,0
66.69021525289392,81.18330833123144,68.90977052303813,0
47.40408648636395,58.805379131314275,65.76183035690458,0
34.96857046881894,66.78557694374601,66.73955555703469,0
47.54256935914056,44.0640970777968,64.55183481328805,0
47.27276430252329,66.42460645811472,66.07619045936148,0
23.031133570584284,57.192836024931765,68.14745950704986,0
49.45705133482188,74.78594993519795,62.97216490410679,0
47.69065469791322,77.81079077347127,70.07809166974802,0
56.96206364813418,98.84345463027921,74.51138586893323,0
68.48956094945345,68.69449759820364,65.46121909926539,0
61.26565029547757,64.8869447487325,77.59641961820884,0
47.31111309445169,62.91576452366004,72.55396044263797,0
38.934740912583294,54.702505607839676,75.15290292812028,0
75.7335980324986,65.07725765192536,66.71082723073931,0
50.59218434014488,55.56897884791456,74.27262613533308,0
50.13929291912946,62.52691464404421,64.54033049802344,0
49.758749128899964,79.7639630341194,74.45123750418254,0
51.98084760767855,44.90186152080538,70.85919669896765,0
48.556395880760576,77.09817841693568,72.76625609992392,0
44.26337993119763,79.75672601009798,64.12202697187574,0
44.53141058759608,58.22897209513382,65.52465078861698,0
49.672467297840015,28.172176514871083,72.98614109126693,0
44.56575228866235,50.882670193583515,65.258259978879,0
42.871542173228356,79.45491819841664,72.31603146049561,0
51.064302276918966,59.656979065516765,63.16431096769877,0
47.450227825791444,45.01046651557634,74.24087106333334,0
65.0399298858269,52.42837618157674,63.83738342615746,0
23.490301916069882,72.60930039756829,72.76149968839762,0
60.91506851922462,68.20100352302069,73.12815466823001,0
62.46085192497629,56.416018512454585,66.51614090785212,0
29.266097675918505,54.49763382277969,72.91013283542364,0
46.573124059196516,54.12362776434267,71.30221131666778,0
46.28559134004209,46.163847232522464,67.30579071903631,0
35.924883052821784,84.23063534204162,64.95722657961896,0
42.22183312409125,55.1651929618299,60.1868715416371,0
38.894241545341714,78.25737781238244,71.74825023649846,0
67.52270443423623,82.81974077883677,62.175986143189725,0
59.35678393147461,74.9746634722194,70.47672099720654,0
62.71555094994159,53.52569530922928,68.68275891958875,0
57.21672064043235,66.05595135504915,73.39571387719097,0
38.70948228782771,59.63706590413626,68.48977250255068,0
44.75479733720226,46.44447208904808,68.35276106826454,0
54.89374561227918,64.86538922582405,73.65935352144147,0
37.778721911080545,42.31440313260296,71.67529014542059,0
57.12998430172388,77.81519082692346,71.58077978591389,0
47.59674601841865,53.03074054052411,72.34633794904263,0
46.251791924504026,63.01739483809259,62.32213938396447,0
99.099096646868,101.42215388477989,94.720421149051,1
54.4426331148604,56.11642539443884,73.06234397006801,0
46.3903383418092,68.80040702212912,64.91658435711751,0
61.59329803364248,52.876445150662136,68.77959763162899,0
100.39504792830604,104.94484730599828,93.68058222730872,1
56.15935606944264,39.81030479629877,69.32751607799133,0
55.93101257968384,61.89569369319618,71.66929983284267,0
46.904535606860094,89.08393498587427,77.15683390915592,0
53.26133022242118,44.995030130916376,75.40883363836414,0
37.488864236146966,49.83382544212723,63.43890403284297,0
59.24027019206901,67.70861774488372,73.11034995153024,0
48.15097863557011,62.69372672909397,76.64466659767704,0
44.772769794809605,65.25945148910338,71.93404260344602,0
60.49009225836889,67.33780695221495,75.45490212592983,0
42.95656309457241,69.52082202842655,80.06135222850382,0
35.91538703636441,76.64549762934334,75.11854773053491,0
34.433708264760966,66.14727985392769,71.24654297820864,0
56.06009951345639,56.38113518072186,75.22544237042376,0
37.19570647503717,70.08860551804096,70.72443916548445,0
101.25442082297678,131.4008403138889,83.39627007907765,1
29.18070592116278,58.010493804261394,68.24292882143133,0
66.96456368290038,45.38206042994038,77.81706679416054,0
52.11017467202618,76.60621003930459,65.90785667028999,0
49.032868881296075,58.19428254069603,77.66183862339058,0
44.550809131910505,27.409956809789456,72.49932061870186,0
53.991361143520706,72.71132515725633,63.00346912599029,0
49.62365297575152,51.97007721069116,71.83824646495711,0
61.03301882016521,58.64200076543759,59.49986746174188,0
51.142276486620396,64.97970495853522,73.12754008415519,0
51.50301761461878,62.857495196685996,74.42615741494495,0
46.36387787786144,70.6417772570856,67.03822022173973,0
49.43054376278933,53.46770444145235,70.61773847977791,0
53.07801768892059,67.69658697264124,79.77078716875143,0
32.89831607343375,56.106799836241244,67.47126647869031,0
36.518145778942866,71.08215721331254,64.705462064717,0
57.43264094022715,69.23051226019581,77.40831701231299,0
110.33611930485205,69.58564981235959,111.2867789103929,1
48.16016663647321,76.28973174262549,70.01847835923924,0
50.184339330653934,51.96054832328928,75.05731517704179,0
53.47581705361671,72.12086697421718,76.70737957765441,0
44.60240319690639,65.50930970102011,66.28757883730808,0
42.216952745976876,87.57275515192684,67.57347082316066,0
51.958452550976816,56.64801026442222,76.15437256577367,0
40.21627222384968,54.760248058227035,78.42507139354255,0
54.082527557144715,59.708705911684014,72.81440430087177,0
32.9741639576216,55.452303257485866,65.60092823248974,0
60.29155637325644,71.99912852913076,79.9353055584972,0
54.72597482413043,35.75534087345118,67.34514551094017,0
52.56029734313876,44.194763712804686,68.32431109414274,0
59.82690983945514,43.9829561763121,71.7116891724481,0
115.18070247757679,109.85161860371787,103.78604136460349,1
60.1437006501813,85.65920058872888,74.26987988276112,0
31.591257686683548,58.433261721937924,72.07432750180955,0
37.204230332642986,57.46767415214984,72.31644265059053,0
88.54861161814284,87.27736167721963,90.58119648023376,1
50.26091050210834,77.42817453912286,72.79069757259253,0
107.70747937771199,79.90936756238233,80.1190174553916,1
42.742561868465344,63.57553474102178,68.51696270465101,0
51.86766764477078,74.62796444673644,71.2066096745839,0
83.38741335435954,90.58886397211725,85.81846111967481,1
68.32512170690144,84.51077466655624,87.6306531119453,1
35.93338903151778,75.01569138850712,68.97764389506939,0
40.76766753889096,19.451515605011444,78.77737849157745,0
36.48315394383666,70.16812979296361,77.86509862607429,0
40.241267470226674,50.188864753088644,67.67097215440918,0
60.536417966078396,32.54050654715314,69.24581144216653,0
40.50601111168057,67.66803899287471,69.63026217195804,0
76.32382064837391,80.60487817744436,67.74170261920189,0
54.93317900880889,57.93827228058462,70.97512492014063,0
51.84836123694874,74.29311820804408,66.20858965556205,0
41.41642219818787,84.18417386982968,64.34692332531237,0
57.003098794089915,79.72371680376071,73.11355611950134,0
44.24362173762226,84.59946794057089,73.14764792110905,0
51.220098146453616,71.13191236607838,65.97842120170004,0
75.60084538268795,61.13150458352389,74.476777153813,0
49.0394010027535,35.97051282154247,66.84211135417334,0
92.41067143997105,93.90084770510339,91.41133973181502,1
42.96823574874112,47.35130107025712,74.10172006306227,0
49.65011509503038,92.5641407624672,69.83193717648143,0
67.7080063563551,57.36171281351495,72.27370456070567,0
43.730329422122324,61.848072101767286,67.41785178056215,0
68.12448557996929,68.27228064060701,69.01766708285952,0
57.07751935455475,60.654036695586804,68.9707028455983,0
93.73742233685682,114.47266839596779,90.49473876672486,1
56.32407739055521,50.66025957398322,69.11612918442108,0
59.7255444962673,62.91911182855864,62.25690850568127,0
56.21809962217196,48.86294121452927,67.54423126428948,0
34.297752801095434,40.19966233168941,68.57562253315164,0
42.728628241751316,50.82346363642072,68.7191012375231,0
47.52481364448495,59.44444804427382,68.79251277064611,0
49.25566570899954,53.5604666322411,69.69117900069935,0
56.206720975506784,49.61368530189216,72.39720759043033,0
51.777010009332535,38.90523804492249,74.37258537066262,0
36.64655641289899,58.75341641056958,66.75117386575866,0
53.801978510059634,37.42919438953497,63.98399572305428,0
56.10585745283823,71.40083945534404,64.78977793878448,0
55.5979044793104,61.23659629401755,67.56398539402537,0
60.807807255546216,38.13672750802604,68.24039341091745,0
58.33922154548904,55.36186384425205,66.1500196690127,0
54.59180079228437,48.71765391614125,63.51941667875053,0
49.29834288541353,64.78761765628771,67.71939586262906,0
33.39039066484008,80.10675669034717,70.90713310056985,0
54.296182191325855,31.87241295531383,72.97514732917783,0
52.076876871631114,61.72539118721126,67.2128847344584,0
108.30376906693263,92.90897408934646,86.91637524907485,1
37.232514241796906,70.07010114675698,65.36650845576345,0
39.189434595917376,63.19794942356533,69.84280414812612,0
60.53152853332904,48.72046002391771,65.75785682904592,0
49.60444846143345,55.214190965000725,72.865639066206,0
56.81500697372624,48.05961214794766,61.070667540329445,0
50.28318376130461,76.14010707897897,68.20185163773769,0
50.297561394957455,60.319674730079136,71.50553669595871,0
59.382838059759976,88.5178602862951,70.91917258161253,0
44.83955271782626,59.090087792780686,83.46516831990249,0
50.96120776940983,49.37389849634306,71.74900012283953,0
45.377247112949576,37.294284110807595,64.97972701578995,0
45.65503772567684,32.95290485616083,69.52267876455464,0
46.908278765313604,36.23796085491765,61.11876833266774,0
52.22133771633713,64.00689976517225,69.5970012535162,0
45.212513783365225,67.63087534844901,65.83471971499621,0
62.55756125573521,36.282139469518,74.57695137780081,0
41.05392697780496,73.42557471114173,67.25229862702233,0
48.13128355838641,52.75408422474841,69.41617042102376,0
45.60268941725825,62.20189517978324,66.82221079297798,0
64.46977884353733,84.18330942383136,78.69425675926665,0
51.965547765115744,73.45258973798298,68.39378616941045,0
60.31844539468635,55.97204028141252,79.162785217396,0
35.14439626963028,46.63211661877069,74.07075881059133,0
52.67050265869259,27.722768980060422,72.41033363667692,0
58.89630795623437,49.212700211363696,71.8436657365876,0
50.82283989275424,56.83304641758458,71.96898649108125,0
60.654803750653514,45.19230709273224,60.361637103271946,0
44.82711549899628,58.031145493615426,68.60558302924622,0
64.0934744018558,61.15277824438152,74.2257898559216,0
72.9889812361925,56.627160272878825,69.75551408262947,0
46.37161439560341,50.249961287648105,62.97405076598213,0
45.54497478599228,62.529820079500915,69.73797774711265,0
64.533844771177,66.62910974354114,78.52052758127746,0
65.79572145730712,43.64401383835731,76.23445857767359,0
44.771399728467316,81.16398569619405,69.68997995316984,0
45.798131829041424,58.521178015736076,74.75724638529043,0
47.18215391139493,60.28274434417271,68.16746489815974,0
36.555494889657226,70.62321634884836,61.480642065866405,0
40.81348053515802,63.49824196895253,65.37767005935223,0
39.95859233247932,74.29704950869868,77.81444384254098,0
42.32202434895871,64.30686247802737,68.63003459085348,0
49.65315112613219,50.81343938039343,68.78308010312492,0
52.342147325365204,65.42255287809152,68.5008090186256,0
65.50500492814076,42.844106890190076,79.52068294786504,0
40.016459592612094,61.62839558664785,78.12979457681031,0
59.843223984765835,59.50155014033309,81.09390116724067,0
47.86011155774491,56.8782471409119,69.20477394799974,0
49.50536290347567,58.07193732841604,71.47812244373547,0
56.74819492166604,31.772264317535413,62.41678725289604,0
38.772779784377015,51.76912638388558,77.38467213059137,0
53.82409746184051,61.39267351711672,64.16110224366032,0
51.66452208213056,62.397845879961004,71.08387781881315,0
54.92451264008149,44.58487288611063,64.51348736183579,0
52.89168643907818,78.98561761297051,67.05566586630653,0
74.55300139910895,47.007377276782485,65.8136878447515,0
43.62260015748684,74.54185800790106,66.96062369662091,0
44.690030449981826,66.40791542807527,67.3043864842551,0
43.76859473575236,50.30659035234295,67.25865602537462,0
44.44522880839745,86.62966338914268,74.16666955890153,0
43.62612872693482,42.095447523652794,64.4756860346874,0
61.89016531107552,73.78731260415002,71.10270713506934,0
64.20504247989855,75.00873477064468,76.0897957615278,0
44.29253706250524,49.94069686385033,67.43401817743302,0
41.67644426895771,80.88697950096493,66.41040554626198,0
54.71415556386404,56.24930228101571,68.84737687409874,0
44.477769557190285,64.33040443919785,75.89862604180355,0
56.32931817755511,63.90482758156831,70.97053815476679,0
52.029230208513,57.98536887794178,67.343928526962,0
34.84255885002768,72.16212409739673,72.4193832559402,0
65.47505201330061,71.9023308082832,64.48853925081788,0
67.95877673095522,33.772020401427284,73.40679755221474,0
43.87211309515614,79.56510364317229,72.04303653850884,0
46.122984400640156,35.062620179464886,68.46095764430558,0
52.85865390724905,75.48819306512486,65.80707100776385,0
53.34456789987025,76.90057705241375,65.56659538858271,0
56.5854427267283,43.63550354677203,72.67408668172955,0
70.1020453876635,53.83778568068123,76.14490251244531,0
48.2305277250595,43.41442997271096,66.81346126485603,0
42.01702755461546,56.77618454566897,72.29193351775743,0
70.4848670169203,78.5072204280738,81.25932289808226,1
42.69069960058081,71.6949079840401,67.076911346714,0
49.66873027126203,79.65463119179412,69.84470533564549,0
67.94557863517788,80.93525716184934,65.45158291509082,0
44.823887009638284,51.567479601325466,65.31746812605202,0
52.237879516388986,56.86167189383208,66.66110221765557,0
49.83577103927248,34.74842711668575,71.46096364163186,0
61.88393273448084,47.911949002557165,69.06335490796813,0
75.26932425873622,74.47277449646187,58.808843833375136,0
44.69131227079679,84.23374235322348,59.39649923682467,0
45.10560557481778,41.48476692180117,66.96567411071412,0
60.44160877069072,51.11303611270659,72.28843293026776,0
56.81891489626312,59.603913645616096,56.26247578637383,0
68.46707325736034,64.2024173822941,67.50134911924185,0
55.839281853259635,47.85594720117531,67.3687607174129,0
46.40707909212941,66.36091566696135,76.94168889104223,0
55.90654830692309,52.89240979393626,68.07489094143568,0
61.087035805829075,59.78321593682581,71.91494492370464,0
102.12152796812636,89.97956842975898,88.86923276646324,1
55.07274031107298,60.09633404716407,59.347167600964,0
60.666746895891535,53.45421164210147,73.84103608315868,0
61.692955904456724,58.35585294111254,71.07698252728144,0
63.82158991037527,58.67455561191997,72.54134319837294,0
56.48709887589643,54.449834551768085,89.63118853218162,0
48.328819196831454,56.11805905999346,59.57943530250706,0
87.07967766385029,130.20469096658087,107.6560643021156,1
62.06508966508357,68.41379171911858,68.56276240299822,0
41.83064329012764,55.56779522956259,71.43664452201504,0
53.686733088729014,70.45431606766104,69.77243877349379,0
46.06661187672639,54.99270765365985,67.87881833300978,0
50.28744822934817,77.59686956379961,67.1508353588062,0
62.78451862607299,65.54463288297141,71.64754367786504,0
51.910990680199035,58.39046783993657,62.4141315166416,0
50.46436548156149,66.71575388715416,73.75289583760883,0
36.40143859020081,36.43685771897251,67.91902797557373,0
57.46253566027221,43.09848796635292,64.34965330479821,0
56.45484181141075,42.091124904014166,67.74993571002094,0
71.6325472330546,62.1441464214556,76.28574608431286,0
46.92221765046999,85.98772499227638,67.32332456491889,0
52.19150327663939,93.46950219288948,71.7922680910481,0
52.49383683710755,69.57076652161136,66.34521862142263,0
65.77453279763475,67.51266712416685,73.7896092496181,0
49.047044676130476,32.984133987708915,73.42753869395102,0
52.790215257703395,51.859893003989676,79.24304416648206,0
56.078965097165394,48.183243721376414,69.12218027250393,0
51.86609123156358,50.68728602623326,73.34327402378953,0
45.535663854494715,57.47784272122816,70.49033769769473,0
51.94089992898308,52.91864133454309,76.47935890931507,0
60.73631749859772,30.310502844363185,66.40583806195635,0
39.7348470058894,71.218653841763,73.72502656438641,0
51.32969674146876,43.9088546139029,69.0265135194166,0
42.99879185060827,63.588702961667245,69.67905911445752,0
93.03828128818091,113.04377624415471,89.8142665016509,1
34.76813095216225,46.20923112620365,71.26120198213339,0
44.410781527284115,22.045687158805052,69.4188547843902,0
53.772118750645205,55.70993667179834,71.07356591585263,0
65.65524029234341,76.51439452497857,77.89059028781092,0
49.34249738927012,89.37521181330891,74.9272484280761,0
44.44800473306802,41.55675608321375,74.34577296248449,0
68.8115706944059,67.45048834854782,67.72230236988065,0
35.51986099583756,53.0203431482992,65.55379585885838,0
28.011940433799182,58.410774685437964,74.77650279118876,0
54.40014450053332,99.66515020525551,74.38023396264897,0
44.97945775647389,37.4554450740727,77.36335337875491,0
39.787671828692865,63.8060949224186,66.98009687015386,0
57.08356447299353,67.01539757648149,68.85225672319827,0
52.43800713771199,76.2867948740902,61.80257918737283,0
44.359213692632714,61.46974730206343,68.03764446969564,0
37.19695601329106,64.62075809256153,74.98285255289724,0
58.724573282801444,54.125271488673135,67.66752310385901,0
56.50201177958661,64.0369041186766,73.20239897600412,0
49.00824136220617,54.85211586753884,69.04748447001094,0
68.46636996047665,69.32357834784077,71.6202851411078,0
39.29915233673847,54.45584495934549,64.26154305092166,0
34.74474829075261,65.6565059085328,70.42604724816951,0
43.080919301187556,59.56105779472532,55.044320145496386,0
49.54413983644502,76.89075376158252,69.06551920919007,0
52.43339449322692,59.229094146172706,61.8476337814243,0
47.5876394214367,33.40451297689678,76.02997258273408,0
53.520553965142966,78.92882251070988,73.88703676382255,0
96.51753263536716,86.31640002411254,91.2286436023066,1
64.4376460407326,50.1935049202677,77.6050311357969,0
49.178488216074314,51.065080589347616,65.25541739587581,0
61.172958315881274,80.61657139756227,78.73681598957779,0
53.42725346377704,27.964886790319568,74.66095782130192,0
54.567532191537836,107.0662280048999,68.81722356390527,0
55.69767280232204,75.84085213599077,75.67810073591473,0
54.47708560017315,63.348583711937394,64.46853243794183,0
56.42722759867544,59.1765899907557,65.87742919236163,0
63.29152530132431,64.28331112286486,66.9570513838015,0
51.9652116970147,67.81683642569007,67.35511145967992,0
57.09003757588512,69.67823378925085,64.71721178619873,0
49.102643057127736,68.33406699005172,76.11541533547663,0
64.40117215449473,61.34371021882873,68.70572799815085,0
43.2360769794073,57.03992369539011,71.7625248417844,0
107.39100348950132,70.80408459008795,88.8515138499923,1
49.59842049355657,57.07637579470978,60.896983497257416,0
35.69224897881952,77.00655145300597,71.35028679195712,0
51.28104414910789,68.90335083421293,60.43872512290112,0
43.18948342525119,15.894170480035797,69.65682976957265,0
58.406435489887244,69.83851164794642,63.15842480583595,0
43.47376020697609,62.92104292078162,79.93637999615405,0
45.538165667852205,59.71936865331154,74.5568136108736,0
31.104592690544692,54.17222320366671,70.5287689563574,0
45.47693680750923,76.86169079979021,76.31853338827334,0
25.761206733710434,74.21289693184286,65.76842011267132,0
34.16097176514277,48.40683498264586,72.71739689335047,0
57.604146561442974,66.10578430686803,70.99905216859356,0
57.85800158650832,45.42514898188071,71.32010040666835,0
54.254575617849646,39.305727528166045,76.36176750053384,0
40.33023856870787,50.59924163115052,73.662460513899,0
82.03073026769098,110.57695504902233,92.50162021706765,1
49.963974609094315,74.2968756806413,61.72556281885852,0
38.416353108074574,67.6962813014594,65.19976852360269,0
65.0339830176715,70.87643680271995,69.38645533202138,0
58.77362290575671,67.74267430672438,70.46686187138326,0
72.89889408271208,93.79209582539275,81.38362070446922,1
50.26885838994531,66.47883817010911,82.05838337789211,0
110.1789772646616,99.23978418680076,99.23939658637666,1
29.582651315757094,71.31436994720362,73.01059160196242,0
47.52822617479403,77.83370057211964,70.36018430641873,0
43.180157520022014,70.62455770801596,68.93895515049424,0
85.77798973004053,105.31548946075506,89.32474754755013,1
47.18899707114045,76.05225357474642,70.38740259259431,0
67.97686526849523,59.6021811112641,71.28876270071375,0
56.4084286126701,46.771880231584234,63.79119712259188,0
44.28821010217203,57.553995540843545,71.67088208622448,0
55.72582781356159,48.82646032790326,69.22370475587626,0
